city_rus,region_rus,city_eng,region_eng,region_ISO_code
Абаза,Республика Хакасия ,Abaza,Republic of Khakassia,RU-KK
Абакан,Республика Хакасия ,Abakan,Republic of Khakassia,RU-KK
Абдулино,Оренбургская область ,Abdulino,Orenburg Oblast,RU-ORE
Абинск,Краснодарский край ,Abinsk,Krasnodar Krai,RU-KDA
Агидель,Республика Башкортостан ,Agidel,Republic of Bashkortostan,RU-BA
Агрыз,Республика Татарстан ,Agryz,Republic of Tatarstan,RU-TA
Адыгейск,Республика Адыгея ,Adygeysk,Republic of Adygea,RU-AD
Азнакаево,Республика Татарстан ,Aznakayevo,Republic of Tatarstan,RU-TA
Азов,Ростовская область ,Azov,Rostov Oblast,RU-ROS
Ак-Довурак,Республика Тыва ,Ak-Dovurak,Tuva Republic,RU-TY
Аксай,Ростовская область ,Aksay,Rostov Oblast,RU-ROS
Алагир,Республика Северная Осетия - Алания ,Alagir,Republic of North Ossetia-Alania,RU-SE
Алапаевск,Свердловская область ,Alapayevsk,Sverdlovsk Oblast,RU-SVE
Алатырь,Чувашская Республика ,Alatyr,Chuvash Republic,RU-CU
Алдан,Республика Саха (Якутия) ,Aldan,Sakha Republic,RU-SA
Алейск,Алтайский край ,Aleysk,Altai Krai,RU-ALT
Александров,Владимирская область ,Alexandrov,Vladimir Oblast,RU-VLA
Александровск,Пермский край ,Alexandrovsk,Perm Krai,RU-PER
Александровск-Сахалинский,Сахалинская область ,Alexandrovsk-Sakhalinsky,Sakhalin Oblast,RU-SAK
Алексеевка,Белгородская область ,Alexeyevka,Belgorod Oblast,RU-BEL
Алексин,Тульская область ,Aleksin,Tula Oblast,RU-TUL
Алзамай,Иркутская область ,Alzamay,Irkutsk Oblast,RU-IRK
Алупка,Республика Крым ,Alupka,Republic of Crimea,UA-43
Алушта,Республика Крым ,Alushta,Republic of Crimea,UA-43
Альметьевск,Республика Татарстан ,Almetyevsk,Republic of Tatarstan,RU-TA
Амурск,Хабаровский край ,Amursk,Khabarovsk Krai,RU-KHA
Анадырь,Чукотский автономный округ ,Anadyr,Chukotka Autonomous Okrug,RU-CHU
Анапа,Краснодарский край ,Anapa,Krasnodar Krai,RU-KDA
Ангарск,Иркутская область ,Angarsk,Irkutsk Oblast,RU-IRK
Андреаполь,Тверская область ,Andreapol,Tver Oblast,RU-TVE
Анжеро-Судженск,Кемеровская область ,Anzhero-Sudzhensk,Kemerovo Oblast,RU-KEM
Анива,Сахалинская область ,Aniva,Sakhalin Oblast,RU-SAK
Апатиты,Мурманская область ,Apatity,Murmansk Oblast,RU-MUR
Апрелевка,Московская область ,Aprelevka,Moscow Oblast,RU-MOS
Апшеронск,Краснодарский край ,Apsheronsk,Krasnodar Krai,RU-KDA
Арамиль,Свердловская область ,Aramil,Sverdlovsk Oblast,RU-SVE
Аргун,Чеченская Республика ,Argun,Chechen Republic,RU-CE
Ардатов,Республика Мордовия ,Ardatov,Republic of Mordovia,RU-MO
Ардон,Республика Северная Осетия - Алания ,Ardon,Republic of North Ossetia-Alania,RU-SE
Арзамас,Нижегородская область ,Arzamas,Nizhny Novgorod Oblast,RU-NIZ
Аркадак,Саратовская область ,Arkadak,Saratov Oblast,RU-SAR
Армавир,Краснодарский край ,Armavir,Krasnodar Krai,RU-KDA
Армянск,Республика Крым ,Armyansk,Republic of Crimea,UA-43
Арсеньев,Приморский край ,Arsenyev,Primorsky Krai,RU-PRI
Арск,Республика Татарстан ,Arsk,Republic of Tatarstan,RU-TA
Артём,Приморский край ,Artyom,Primorsky Krai,RU-PRI
Артёмовск,Красноярский край ,Artyomovsk,Krasnoyarsk Krai,RU-KYA
Артёмовский,Свердловская область ,Artyomovsky,Sverdlovsk Oblast,RU-SVE
Архангельск,Архангельская область ,Arkhangelsk,Arkhangelsk Oblast,RU-ARK
Асбест,Свердловская область ,Asbest,Sverdlovsk Oblast,RU-SVE
Асино,Томская область ,Asino,Tomsk Oblast,RU-TOM
Астрахань,Астраханская область ,Astrakhan,Astrakhan Oblast,RU-AST
Аткарск,Саратовская область ,Atkarsk,Saratov Oblast,RU-SAR
Ахтубинск,Астраханская область ,Akhtubinsk,Astrakhan Oblast,RU-AST
Ачинск,Красноярский край ,Achinsk,Krasnoyarsk Krai,RU-KYA
Аша,Челябинская область ,Asha,Chelyabinsk Oblast,RU-CHE
Бабаево,Вологодская область ,Babayevo,Vologda Oblast,RU-VLG
Бабушкин,Республика Бурятия ,Babushkin,Republic of Buryatia,RU-BU
Бавлы,Республика Татарстан ,Bavly,Republic of Tatarstan,RU-TA
Багратионовск,Калининградская область ,Bagrationovsk,Kaliningrad Oblast,RU-KGD
Байкальск,Иркутская область ,Baykalsk,Irkutsk Oblast,RU-IRK
Баймак,Республика Башкортостан ,Baymak,Republic of Bashkortostan,RU-BA
Бакал,Челябинская область ,Bakal,Chelyabinsk Oblast,RU-CHE
Баксан,Кабардино-Балкарская Республика ,Baksan,Kabardino-Balkar Republic,RU-KB
Балабаново,Калужская область ,Balabanovo,Kaluga Oblast,RU-KLU
Балаково,Саратовская область ,Balakovo,Saratov Oblast,RU-SAR
Балахна,Нижегородская область ,Balakhna,Nizhny Novgorod Oblast,RU-NIZ
Балашиха,Московская область ,Balashikha,Moscow Oblast,RU-MOS
Балашов,Саратовская область ,Balashov,Saratov Oblast,RU-SAR
Балей,Забайкальский край ,Baley,Zabaykalsky Krai,RU-ZAB
Балтийск,Калининградская область ,Baltiysk,Kaliningrad Oblast,RU-KGD
Барабинск,Новосибирская область ,Barabinsk,Novosibirsk Oblast,RU-NVS
Барнаул,Алтайский край ,Barnaul,Altai Krai,RU-ALT
Барыш,Ульяновская область ,Barysh,Ulyanovsk Oblast,RU-ULY
Батайск,Ростовская область ,Bataysk,Rostov Oblast,RU-ROS
Бахчисарай,Республика Крым ,Bakhchysarai,Republic of Crimea,UA-43
Бежецк,Тверская область ,Bezhetsk,Tver Oblast,RU-TVE
Белая Калитва,Ростовская область ,Belaya Kalitva,Rostov Oblast,RU-ROS
Белая Холуница,Кировская область ,Belaya Kholunitsa,Kirov Oblast,RU-KIR
Белгород,Белгородская область ,Belgorod,Belgorod Oblast,RU-BEL
Белебей,Республика Башкортостан ,Belebey,Republic of Bashkortostan,RU-BA
Белёв,Тульская область ,Belyov,Tula Oblast,RU-TUL
Белинский,Пензенская область ,Belinsky,Penza Oblast,RU-PNZ
Белово,Кемеровская область ,Belovo,Kemerovo Oblast,RU-KEM
Белогорск,Амурская область ,Belogorsk,Amur Oblast,RU-AMU
Белогорск,Республика Крым ,Bilohirsk,Republic of Crimea,UA-43
Белозерск,Вологодская область ,Belozersk,Vologda Oblast,RU-VLG
Белокуриха,Алтайский край ,Belokurikha,Altai Krai,RU-ALT
Беломорск,Республика Карелия ,Belomorsk,Republic of Karelia,RU-KR
Белорецк,Республика Башкортостан ,Beloretsk,Republic of Bashkortostan,RU-BA
Белореченск,Краснодарский край ,Belorechensk,Krasnodar Krai,RU-KDA
Белоусово,Калужская область ,Belousovo,Kaluga Oblast,RU-KLU
Белоярский,Ханты-Мансийский автономный округ - Югра ,Beloyarsky,Khanty-Mansi Autonomous Okrug,RU-KHM
Белый,Тверская область ,Bely,Tver Oblast,RU-TVE
Бердск,Новосибирская область ,Berdsk,Novosibirsk Oblast,RU-NVS
Березники,Пермский край ,Berezniki,Perm Krai,RU-PER
Берёзовский,Кемеровская область ,Beryozovsky,Kemerovo Oblast,RU-KEM
Берёзовский,Свердловская область ,Beryozovsky,Sverdlovsk Oblast,RU-SVE
Беслан,Республика Северная Осетия - Алания ,Beslan,Republic of North Ossetia-Alania,RU-SE
Бийск,Алтайский край ,Biysk,Altai Krai,RU-ALT
Бикин,Хабаровский край ,Bikin,Khabarovsk Krai,RU-KHA
Билибино,Чукотский автономный округ ,Bilibino,Chukotka Autonomous Okrug,RU-CHU
Биробиджан,Еврейская автономная область ,Birobidzhan,Jewish Autonomous Oblast,RU-YEV
Бирск,Республика Башкортостан ,Birsk,Republic of Bashkortostan,RU-BA
Бирюсинск,Иркутская область ,Biryusinsk,Irkutsk Oblast,RU-IRK
Бирюч,Белгородская область ,Biryuch,Belgorod Oblast,RU-BEL
Благовещенск,Республика Башкортостан ,Blagoveshchensk,Republic of Bashkortostan,RU-BA
Благовещенск,Амурская область ,Blagoveshchensk,Amur Oblast,RU-AMU
Благодарный,Ставропольский край ,Blagodarny,Stavropol Krai,RU-STA
Бобров,Воронежская область ,Bobrov,Voronezh Oblast,RU-VOR
Богданович,Свердловская область ,Bogdanovich,Sverdlovsk Oblast,RU-SVE
Богородицк,Тульская область ,Bogoroditsk,Tula Oblast,RU-TUL
Богородск,Нижегородская область ,Bogorodsk,Nizhny Novgorod Oblast,RU-NIZ
Боготол,Красноярский край ,Bogotol,Krasnoyarsk Krai,RU-KYA
Богучар,Воронежская область ,Boguchar,Voronezh Oblast,RU-VOR
Бодайбо,Иркутская область ,Bodaybo,Irkutsk Oblast,RU-IRK
Бокситогорск,Ленинградская область ,Boksitogorsk,Leningrad Oblast,RU-LEN
Болгар,Республика Татарстан ,Bolgar,Republic of Tatarstan,RU-TA
Бологое,Тверская область ,Bologoye,Tver Oblast,RU-TVE
Болотное,Новосибирская область ,Bolotnoye,Novosibirsk Oblast,RU-NVS
Болохово,Тульская область ,Bolokhovo,Tula Oblast,RU-TUL
Болхов,Орловская область ,Bolkhov,Oryol Oblast,RU-ORL
Большой Камень,Приморский край ,Bolshoy Kamen,Primorsky Krai,RU-PRI
Бор,Нижегородская область ,Bor,Nizhny Novgorod Oblast,RU-NIZ
Борзя,Забайкальский край ,Borzya,Zabaykalsky Krai,RU-ZAB
Борисоглебск,Воронежская область ,Borisoglebsk,Voronezh Oblast,RU-VOR
Боровичи,Новгородская область ,Borovichi,Novgorod Oblast,RU-NGR
Боровск,Калужская область ,Borovsk,Kaluga Oblast,RU-KLU
Бородино,Красноярский край ,Borodino,Krasnoyarsk Krai,RU-KYA
Братск,Иркутская область ,Bratsk,Irkutsk Oblast,RU-IRK
Бронницы,Московская область ,Bronnitsy,Moscow Oblast,RU-MOS
Брянск,Брянская область ,Bryansk,Bryansk Oblast,RU-BRY
Бугульма,Республика Татарстан ,Bugulma,Republic of Tatarstan,RU-TA
Бугуруслан,Оренбургская область ,Buguruslan,Orenburg Oblast,RU-ORE
Будённовск,Ставропольский край ,Budyonnovsk,Stavropol Krai,RU-STA
Бузулук,Оренбургская область ,Buzuluk,Orenburg Oblast,RU-ORE
Буинск,Республика Татарстан ,Buinsk,Republic of Tatarstan,RU-TA
Буй,Костромская область ,Buy,Kostroma Oblast,RU-KOS
Буйнакск,Республика Дагестан ,Buynaksk,Republic of Dagestan,RU-DA
Бутурлиновка,Воронежская область ,Buturlinovka,Voronezh Oblast,RU-VOR
Валдай,Новгородская область ,Valday,Novgorod Oblast,RU-NGR
Валуйки,Белгородская область ,Valuyki,Belgorod Oblast,RU-BEL
Велиж,Смоленская область ,Velizh,Smolensk Oblast,RU-SMO
Великие Луки,Псковская область ,Velikiye Luki,Pskov Oblast,RU-PSK
Великий Новгород,Новгородская область ,Veliky Novgorod,Novgorod Oblast,RU-NGR
Великий Устюг,Вологодская область ,Veliky Ustyug,Vologda Oblast,RU-VLG
Вельск,Архангельская область ,Velsk,Arkhangelsk Oblast,RU-ARK
Венёв,Тульская область ,Venyov,Tula Oblast,RU-TUL
Верещагино,Пермский край ,Vereshchagino,Perm Krai,RU-PER
Верея,Московская область ,Vereya,Moscow Oblast,RU-MOS
Верхнеуральск,Челябинская область ,Verkhneuralsk,Chelyabinsk Oblast,RU-CHE
Верхний Тагил,Свердловская область ,Verkhny Tagil,Sverdlovsk Oblast,RU-SVE
Верхний Уфалей,Челябинская область ,Verkhny Ufaley,Chelyabinsk Oblast,RU-CHE
Верхняя Пышма,Свердловская область ,Verkhnyaya Pyshma,Sverdlovsk Oblast,RU-SVE
Верхняя Салда,Свердловская область ,Verkhnyaya Salda,Sverdlovsk Oblast,RU-SVE
Верхняя Тура,Свердловская область ,Verkhnyaya Tura,Sverdlovsk Oblast,RU-SVE
Верхотурье,Свердловская область ,Verkhoturye,Sverdlovsk Oblast,RU-SVE
Верхоянск,Республика Саха (Якутия) ,Verkhoyansk,Sakha Republic,RU-SA
Весьегонск,Тверская область ,Vesyegonsk,Tver Oblast,RU-TVE
Ветлуга,Нижегородская область ,Vetluga,Nizhny Novgorod Oblast,RU-NIZ
Видное,Московская область ,Vidnoye,Moscow Oblast,RU-MOS
Вилюйск,Республика Саха (Якутия) ,Vilyuysk,Sakha Republic,RU-SA
Вилючинск,Камчатский край ,Vilyuchinsk,Kamchatka Krai,RU-KAM
Вихоревка,Иркутская область ,Vikhorevka,Irkutsk Oblast,RU-IRK
Вичуга,Ивановская область ,Vichuga,Ivanovo Oblast,RU-IVA
Владивосток,Приморский край ,Vladivostok,Primorsky Krai,RU-PRI
Владикавказ,Республика Северная Осетия - Алания ,Vladikavkaz,Republic of North Ossetia-Alania,RU-SE
Владимир,Владимирская область ,Vladimir,Vladimir Oblast,RU-VLA
Волгоград,Волгоградская область ,Volgograd,Volgograd Oblast,RU-VGG
Волгодонск,Ростовская область ,Volgodonsk,Rostov Oblast,RU-ROS
Волгореченск,Костромская область ,Volgorechensk,Kostroma Oblast,RU-KOS
Волжск,Республика Марий Эл ,Volzhsk,Mari El Republic,RU-ME
Волжский,Волгоградская область ,Volzhsky,Volgograd Oblast,RU-VGG
Вологда,Вологодская область ,Vologda,Vologda Oblast,RU-VLG
Володарск,Нижегородская область ,Volodarsk,Nizhny Novgorod Oblast,RU-NIZ
Волоколамск,Московская область ,Volokolamsk,Moscow Oblast,RU-MOS
Волосово,Ленинградская область ,Volosovo,Leningrad Oblast,RU-LEN
Волхов,Ленинградская область ,Volkhov,Leningrad Oblast,RU-LEN
Волчанск,Свердловская область ,Volchansk,Sverdlovsk Oblast,RU-SVE
Вольск,Саратовская область ,Volsk,Saratov Oblast,RU-SAR
Воркута,Республика Коми ,Vorkuta,Komi Republic,RU-KO
Воронеж,Воронежская область ,Voronezh,Voronezh Oblast,RU-VOR
Ворсма,Нижегородская область ,Vorsma,Nizhny Novgorod Oblast,RU-NIZ
Воскресенск,Московская область ,Voskresensk,Moscow Oblast,RU-MOS
Воткинск,Удмуртская Республика ,Votkinsk,Udmurt Republic,RU-UD
Всеволожск,Ленинградская область ,Vsevolozhsk,Leningrad Oblast,RU-LEN
Вуктыл,Республика Коми ,Vuktyl,Komi Republic,RU-KO
Выборг,Ленинградская область ,Vyborg,Leningrad Oblast,RU-LEN
Выкса,Нижегородская область ,Vyksa,Nizhny Novgorod Oblast,RU-NIZ
Высоковск,Московская область ,Vysokovsk,Moscow Oblast,RU-MOS
Высоцк,Ленинградская область ,Vysotsk,Leningrad Oblast,RU-LEN
Вытегра,Вологодская область ,Vytegra,Vologda Oblast,RU-VLG
Вышний Волочёк,Тверская область ,Vyshny Volochyok,Tver Oblast,RU-TVE
Вяземский,Хабаровский край ,Vyazemsky,Khabarovsk Krai,RU-KHA
Вязники,Владимирская область ,Vyazniki,Vladimir Oblast,RU-VLA
Вязьма,Смоленская область ,Vyazma,Smolensk Oblast,RU-SMO
Вятские Поляны,Кировская область ,Vyatskiye Polyany,Kirov Oblast,RU-KIR
Гаврилов Посад,Ивановская область ,Gavrilov Posad,Ivanovo Oblast,RU-IVA
Гаврилов-Ям,Ярославская область ,Gavrilov-Yam,Yaroslavl Oblast,RU-YAR
Гагарин,Смоленская область ,Gagarin,Smolensk Oblast,RU-SMO
Гаджиево,Мурманская область ,Gadzhiyevo,Murmansk Oblast,RU-MUR
Гай,Оренбургская область ,Gay,Orenburg Oblast,RU-ORE
Галич,Костромская область ,Galich,Kostroma Oblast,RU-KOS
Гатчина,Ленинградская область ,Gatchina,Leningrad Oblast,RU-LEN
Гвардейск,Калининградская область ,Gvardeysk,Kaliningrad Oblast,RU-KGD
Гдов,Псковская область ,Gdov,Pskov Oblast,RU-PSK
Геленджик,Краснодарский край ,Gelendzhik,Krasnodar Krai,RU-KDA
Георгиевск,Ставропольский край ,Georgiyevsk,Stavropol Krai,RU-STA
Глазов,Удмуртская Республика ,Glazov,Udmurt Republic,RU-UD
Голицыно,Московская область ,Golitsyno,Moscow Oblast,RU-MOS
Горбатов,Нижегородская область ,Gorbatov,Nizhny Novgorod Oblast,RU-NIZ
Горно-Алтайск,Республика Алтай ,Gorno-Altaysk,Altai Republic,RU-AL
Горнозаводск,Пермский край ,Gornozavodsk,Perm Krai,RU-PER
Горняк,Алтайский край ,Gornyak,Altai Krai,RU-ALT
Городец,Нижегородская область ,Gorodets,Nizhny Novgorod Oblast,RU-NIZ
Городище,Пензенская область ,Gorodishche,Penza Oblast,RU-PNZ
Городовиковск,Республика Калмыкия ,Gorodovikovsk,Republic of Kalmykia,RU-KL
Гороховец,Владимирская область ,Gorokhovets,Vladimir Oblast,RU-VLA
Горячий Ключ,Краснодарский край ,Goryachy Klyuch,Krasnodar Krai,RU-KDA
Грайворон,Белгородская область ,Grayvoron,Belgorod Oblast,RU-BEL
Гремячинск,Пермский край ,Gremyachinsk,Perm Krai,RU-PER
Грозный,Чеченская Республика ,Grozny,Chechen Republic,RU-CE
Грязи,Липецкая область ,Gryazi,Lipetsk Oblast,RU-LIP
Грязовец,Вологодская область ,Gryazovets,Vologda Oblast,RU-VLG
Губаха,Пермский край ,Gubakha,Perm Krai,RU-PER
Губкин,Белгородская область ,Gubkin,Belgorod Oblast,RU-BEL
Губкинский,Ямало-Ненецкий автономный округ ,Gubkinsky,Yamalo-Nenets Autonomous Okrug,RU-YAN
Гудермес,Чеченская Республика ,Gudermes,Chechen Republic,RU-CE
Гуково,Ростовская область ,Gukovo,Rostov Oblast,RU-ROS
Гулькевичи,Краснодарский край ,Gulkevichi,Krasnodar Krai,RU-KDA
Гурьевск,Калининградская область ,Guryevsk,Kaliningrad Oblast,RU-KGD
Гурьевск,Кемеровская область ,Guryevsk,Kemerovo Oblast,RU-KEM
Гусев,Калининградская область ,Gusev,Kaliningrad Oblast,RU-KGD
Гусиноозёрск,Республика Бурятия ,Gusinoozyorsk,Republic of Buryatia,RU-BU
Гусь-Хрустальный,Владимирская область ,Gus-Khrustalny,Vladimir Oblast,RU-VLA
Давлеканово,Республика Башкортостан ,Davlekanovo,Republic of Bashkortostan,RU-BA
Дагестанские Огни,Республика Дагестан ,Dagestanskiye Ogni,Republic of Dagestan,RU-DA
Далматово,Курганская область ,Dalmatovo,Kurgan Oblast,RU-KGN
Дальнегорск,Приморский край ,Dalnegorsk,Primorsky Krai,RU-PRI
Дальнереченск,Приморский край ,Dalnerechensk,Primorsky Krai,RU-PRI
Данилов,Ярославская область ,Danilov,Yaroslavl Oblast,RU-YAR
Данков,Липецкая область ,Dankov,Lipetsk Oblast,RU-LIP
Дегтярск,Свердловская область ,Degtyarsk,Sverdlovsk Oblast,RU-SVE
Дедовск,Московская область ,Dedovsk,Moscow Oblast,RU-MOS
Демидов,Смоленская область ,Demidov,Smolensk Oblast,RU-SMO
Дербент,Республика Дагестан ,Derbent,Republic of Dagestan,RU-DA
Десногорск,Смоленская область ,Desnogorsk,Smolensk Oblast,RU-SMO
Джанкой,Республика Крым ,Dzhankoy,Republic of Crimea,UA-43
Дзержинск,Нижегородская область ,Dzerzhinsk,Nizhny Novgorod Oblast,RU-NIZ
Дзержинский,Московская область ,Dzerzhinsky,Moscow Oblast,RU-MOS
Дивногорск,Красноярский край ,Divnogorsk,Krasnoyarsk Krai,RU-KYA
Дигора,Республика Северная Осетия - Алания ,Digora,Republic of North Ossetia-Alania,RU-SE
Димитровград,Ульяновская область ,Dimitrovgrad,Ulyanovsk Oblast,RU-ULY
Дмитриев,Курская область ,Dmitriyev,Kursk Oblast,RU-KRS
Дмитров,Московская область ,Dmitrov,Moscow Oblast,RU-MOS
Дмитровск,Орловская область ,Dmitrovsk,Oryol Oblast,RU-ORL
Дно,Псковская область ,Dno,Pskov Oblast,RU-PSK
Добрянка,Пермский край ,Dobryanka,Perm Krai,RU-PER
Долгопрудный,Московская область ,Dolgoprudny,Moscow Oblast,RU-MOS
Долинск,Сахалинская область ,Dolinsk,Sakhalin Oblast,RU-SAK
Домодедово,Московская область ,Domodedovo,Moscow Oblast,RU-MOS
Донецк,Ростовская область ,Donetsk,Rostov Oblast,RU-ROS
Донской,Тульская область ,Donskoy,Tula Oblast,RU-TUL
Дорогобуж,Смоленская область ,Dorogobuzh,Smolensk Oblast,RU-SMO
Дрезна,Московская область ,Drezna,Moscow Oblast,RU-MOS
Дубна,Московская область ,Dubna,Moscow Oblast,RU-MOS
Дубовка,Волгоградская область ,Dubovka,Volgograd Oblast,RU-VGG
Дудинка,Красноярский край ,Dudinka,Krasnoyarsk Krai,RU-KYA
Духовщина,Смоленская область ,Dukhovshchina,Smolensk Oblast,RU-SMO
Дюртюли,Республика Башкортостан ,Dyurtyuli,Republic of Bashkortostan,RU-BA
Дятьково,Брянская область ,Dyatkovo,Bryansk Oblast,RU-BRY
ЕЕвпатория,Республика Крым ,Yevpatoria,Republic of Crimea,UA-43
Егорьевск,Московская область ,Yegoryevsk,Moscow Oblast,RU-MOS
Ейск,Краснодарский край ,Yeysk,Krasnodar Krai,RU-KDA
Екатеринбург,Свердловская область ,Yekaterinburg,Sverdlovsk Oblast,RU-SVE
Елабуга,Республика Татарстан ,Yelabuga,Republic of Tatarstan,RU-TA
Елец,Липецкая область ,Yelets,Lipetsk Oblast,RU-LIP
Елизово,Камчатский край ,Yelizovo,Kamchatka Krai,RU-KAM
Ельня,Смоленская область ,Yelnya,Smolensk Oblast,RU-SMO
Еманжелинск,Челябинская область ,Yemanzhelinsk,Chelyabinsk Oblast,RU-CHE
Емва,Республика Коми ,Yemva,Komi Republic,RU-KO
Енисейск,Красноярский край ,Yeniseysk,Krasnoyarsk Krai,RU-KYA
Ермолино,Калужская область ,Yermolino,Kaluga Oblast,RU-KLU
Ершов,Саратовская область ,Yershov,Saratov Oblast,RU-SAR
Ессентуки,Ставропольский край ,Yessentuki,Stavropol Krai,RU-STA
Ефремов,Тульская область ,Yefremov,Tula Oblast,RU-TUL
Железноводск,Ставропольский край ,Zheleznovodsk,Stavropol Krai,RU-STA
Железногорск,Красноярский край ,Zheleznogorsk,Krasnoyarsk Krai,RU-KYA
Железногорск,Курская область ,Zheleznogorsk,Kursk Oblast,RU-KRS
Железногорск-Илимский,Иркутская область ,Zheleznogorsk-Ilimsky,Irkutsk Oblast,RU-IRK
Жердевка,Тамбовская область ,Zherdevka,Tambov Oblast,RU-TAM
Жигулёвск,Самарская область ,Zhigulyovsk,Samara Oblast,RU-SAM
Жиздра,Калужская область ,Zhizdra,Kaluga Oblast,RU-KLU
Жирновск,Волгоградская область ,Zhirnovsk,Volgograd Oblast,RU-VGG
Жуков,Калужская область ,Zhukov,Kaluga Oblast,RU-KLU
Жуковка,Брянская область ,Zhukovka,Bryansk Oblast,RU-BRY
Жуковский,Московская область ,Zhukovsky,Moscow Oblast,RU-MOS
Завитинск,Амурская область ,Zavitinsk,Amur Oblast,RU-AMU
Заводоуковск,Тюменская область ,Zavodoukovsk,Tyumen Oblast,RU-TYU
Заволжск,Ивановская область ,Zavolzhsk,Ivanovo Oblast,RU-IVA
Заволжье,Нижегородская область ,Zavolzhye,Nizhny Novgorod Oblast,RU-NIZ
Задонск,Липецкая область ,Zadonsk,Lipetsk Oblast,RU-LIP
Заинск,Республика Татарстан ,Zainsk,Republic of Tatarstan,RU-TA
Закаменск,Республика Бурятия ,Zakamensk,Republic of Buryatia,RU-BU
Заозёрный,Красноярский край ,Zaozyorny,Krasnoyarsk Krai,RU-KYA
Заозёрск,Мурманская область ,Zaozyorsk,Murmansk Oblast,RU-MUR
Западная Двина,Тверская область ,Zapadnaya Dvina,Tver Oblast,RU-TVE
Заполярный,Мурманская область ,Zapolyarny,Murmansk Oblast,RU-MUR
Зарайск,Московская область ,Zaraysk,Moscow Oblast,RU-MOS
Заречный,Пензенская область ,Zarechny,Penza Oblast,RU-PNZ
Заречный,Свердловская область ,Zarechny,Sverdlovsk Oblast,RU-SVE
Заринск,Алтайский край ,Zarinsk,Altai Krai,RU-ALT
Звенигово,Республика Марий Эл ,Zvenigovo,Mari El Republic,RU-ME
Звенигород,Московская область ,Zvenigorod,Moscow Oblast,RU-MOS
Зверево,Ростовская область ,Zverevo,Rostov Oblast,RU-ROS
Зеленогорск,Красноярский край ,Zelenogorsk,Krasnoyarsk Krai,RU-KYA
Зеленоградск,Калининградская область ,Zelenogradsk,Kaliningrad Oblast,RU-KGD
Зеленодольск,Республика Татарстан ,Zelenodolsk,Republic of Tatarstan,RU-TA
Зеленокумск,Ставропольский край ,Zelenokumsk,Stavropol Krai,RU-STA
Зерноград,Ростовская область ,Zernograd,Rostov Oblast,RU-ROS
Зея,Амурская область ,Zeya,Amur Oblast,RU-AMU
Зима,Иркутская область ,Zima,Irkutsk Oblast,RU-IRK
Златоуст,Челябинская область ,Zlatoust,Chelyabinsk Oblast,RU-CHE
Злынка,Брянская область ,Zlynka,Bryansk Oblast,RU-BRY
Змеиногорск,Алтайский край ,Zmeinogorsk,Altai Krai,RU-ALT
Знаменск,Астраханская область ,Znamensk,Astrakhan Oblast,RU-AST
Зубцов,Тверская область ,Zubtsov,Tver Oblast,RU-TVE
Зуевка,Кировская область ,Zuyevka,Kirov Oblast,RU-KIR
Ивангород,Ленинградская область ,Ivangorod,Leningrad Oblast,RU-LEN
Иваново,Ивановская область ,Ivanovo,Ivanovo Oblast,RU-IVA
Ивантеевка,Московская область ,Ivanteyevka,Moscow Oblast,RU-MOS
Ивдель,Свердловская область ,Ivdel,Sverdlovsk Oblast,RU-SVE
Игарка,Красноярский край ,Igarka,Krasnoyarsk Krai,RU-KYA
Ижевск,Удмуртская Республика ,Izhevsk,Udmurt Republic,RU-UD
Избербаш,Республика Дагестан ,Izberbash,Republic of Dagestan,RU-DA
Изобильный,Ставропольский край ,Izobilny,Stavropol Krai,RU-STA
Иланский,Красноярский край ,Ilansky,Krasnoyarsk Krai,RU-KYA
Инза,Ульяновская область ,Inza,Ulyanovsk Oblast,RU-ULY
Инкерман,Севастополь ,Inkerman,Sevastopol,UA-40
Иннополис,Республика Татарстан ,Innopolis,Republic of Tatarstan,RU-TA
Инсар,Республика Мордовия ,Insar,Republic of Mordovia,RU-MO
Инта,Республика Коми ,Inta,Komi Republic,RU-KO
Ипатово,Ставропольский край ,Ipatovo,Stavropol Krai,RU-STA
Ирбит,Свердловская область ,Irbit,Sverdlovsk Oblast,RU-SVE
Иркутск,Иркутская область ,Irkutsk,Irkutsk Oblast,RU-IRK
Исилькуль,Омская область ,Isilkul,Omsk Oblast,RU-OMS
Искитим,Новосибирская область ,Iskitim,Novosibirsk Oblast,RU-NVS
Истра,Московская область ,Istra,Moscow Oblast,RU-MOS
Ишим,Тюменская область ,Ishim,Tyumen Oblast,RU-TYU
Ишимбай,Республика Башкортостан ,Ishimbay,Republic of Bashkortostan,RU-BA
Йошкар-Ола,Республика Марий Эл ,Mari El,Mari El Republic,RU-ME
Кадников,Вологодская область ,Kadnikov,Vologda Oblast,RU-VLG
Казань,Республика Татарстан ,Kazan,Republic of Tatarstan,RU-TA
Калач,Воронежская область ,Kalach,Voronezh Oblast,RU-VOR
Калач-на-Дону,Волгоградская область ,Kalach-na-Donu,Volgograd Oblast,RU-VGG
Калачинск,Омская область ,Kalachinsk,Omsk Oblast,RU-OMS
Калининград,Калининградская область ,Kaliningrad,Kaliningrad Oblast,RU-KGD
Калининск,Саратовская область ,Kalininsk,Saratov Oblast,RU-SAR
Калтан,Кемеровская область ,Kaltan,Kemerovo Oblast,RU-KEM
Калуга,Калужская область ,Kaluga,Kaluga Oblast,RU-KLU
Калязин,Тверская область ,Kalyazin,Tver Oblast,RU-TVE
Камбарка,Удмуртская Республика ,Kambarka,Udmurt Republic,RU-UD
Каменка,Пензенская область ,Kamenka,Penza Oblast,RU-PNZ
Каменногорск,Ленинградская область ,Kamennogorsk,Leningrad Oblast,RU-LEN
Каменск-Уральский,Свердловская область ,Kamensk-Uralsky,Sverdlovsk Oblast,RU-SVE
Каменск-Шахтинский,Ростовская область ,Kamensk-Shakhtinsky,Rostov Oblast,RU-ROS
Камень-на-Оби,Алтайский край ,Kamen-na-Obi,Altai Krai,RU-ALT
Камешково,Владимирская область ,Kameshkovo,Vladimir Oblast,RU-VLA
Камызяк,Астраханская область ,Kamyzyak,Astrakhan Oblast,RU-AST
Камышин,Волгоградская область ,Kamyshin,Volgograd Oblast,RU-VGG
Камышлов,Свердловская область ,Kamyshlov,Sverdlovsk Oblast,RU-SVE
Канаш,Чувашская Республика ,Kanash,Chuvash Republic,RU-CU
Кандалакша,Мурманская область ,Kandalaksha,Murmansk Oblast,RU-MUR
Канск,Красноярский край ,Kansk,Krasnoyarsk Krai,RU-KYA
Карабаново,Владимирская область ,Karabanovo,Vladimir Oblast,RU-VLA
Карабаш,Челябинская область ,Karabash,Chelyabinsk Oblast,RU-CHE
Карабулак,Республика Ингушетия ,Karabulak,Republic of Ingushetia,RU-IN
Карасук,Новосибирская область ,Karasuk,Novosibirsk Oblast,RU-NVS
Карачаевск,Карачаево-Черкесская Республика ,Karachayevsk,Karachay-Cherkess Republic,RU-KC
Карачев,Брянская область ,Karachev,Bryansk Oblast,RU-BRY
Каргат,Новосибирская область ,Kargat,Novosibirsk Oblast,RU-NVS
Каргополь,Архангельская область ,Kargopol,Arkhangelsk Oblast,RU-ARK
Карпинск,Свердловская область ,Karpinsk,Sverdlovsk Oblast,RU-SVE
Карталы,Челябинская область ,Kartaly,Chelyabinsk Oblast,RU-CHE
Касимов,Рязанская область ,Kasimov,Ryazan Oblast,RU-RYA
Касли,Челябинская область ,Kasli,Chelyabinsk Oblast,RU-CHE
Каспийск,Республика Дагестан ,Kaspiysk,Republic of Dagestan,RU-DA
Катав-Ивановск,Челябинская область ,Katav-Ivanovsk,Chelyabinsk Oblast,RU-CHE
Катайск,Курганская область ,Kataysk,Kurgan Oblast,RU-KGN
Качканар,Свердловская область ,Kachkanar,Sverdlovsk Oblast,RU-SVE
Кашин,Тверская область ,Kashin,Tver Oblast,RU-TVE
Кашира,Московская область ,Kashira,Moscow Oblast,RU-MOS
Кедровый,Томская область ,Kedrovy,Tomsk Oblast,RU-TOM
Кемерово,Кемеровская область ,Kemerovo,Kemerovo Oblast,RU-KEM
Кемь,Республика Карелия ,Kem,Republic of Karelia,RU-KR
Керчь,Республика Крым ,Kerch,Republic of Crimea (для посольства США — страна Украина),UA-43
Кизел,Пермский край ,Kizel,Perm Krai,RU-PER
Кизилюрт,Республика Дагестан ,Kizilyurt,Republic of Dagestan,RU-DA
Кизляр,Республика Дагестан ,Kizlyar,Republic of Dagestan,RU-DA
Кимовск,Тульская область ,Kimovsk,Tula Oblast,RU-TUL
Кимры,Тверская область ,Kimry,Tver Oblast,RU-TVE
Кингисепп,Ленинградская область ,Kingisepp,Leningrad Oblast,RU-LEN
Кинель,Самарская область ,Kinel,Samara Oblast,RU-SAM
Кинешма,Ивановская область ,Kineshma,Ivanovo Oblast,RU-IVA
Киреевск,Тульская область ,Kireyevsk,Tula Oblast,RU-TUL
Киренск,Иркутская область ,Kirensk,Irkutsk Oblast,RU-IRK
Киржач,Владимирская область ,Kirzhach,Vladimir Oblast,RU-VLA
Кириллов,Вологодская область ,Kirillov,Vologda Oblast,RU-VLG
Кириши,Ленинградская область ,Kirishi,Leningrad Oblast,RU-LEN
Киров,Калужская область ,Kirov,Kaluga Oblast,RU-KLU
Киров,Кировская область ,Kirov,Kirov Oblast,RU-KIR
Кировград,Свердловская область ,Kirovgrad,Sverdlovsk Oblast,RU-SVE
Кирово-Чепецк,Кировская область ,Kirovo-Chepetsk,Kirov Oblast,RU-KIR
Кировск,Ленинградская область ,Kirovsk,Leningrad Oblast,RU-LEN
Кировск,Мурманская область ,Kirovsk,Murmansk Oblast,RU-MUR
Кирс,Кировская область ,Kirs,Kirov Oblast,RU-KIR
Кирсанов,Тамбовская область ,Kirsanov,Tambov Oblast,RU-TAM
Киселёвск,Кемеровская область ,Kiselyovsk,Kemerovo Oblast,RU-KEM
Кисловодск,Ставропольский край ,Kislovodsk,Stavropol Krai,RU-STA
Клин,Московская область ,Klin,Moscow Oblast,RU-MOS
Клинцы,Брянская область ,Klintsy,Bryansk Oblast,RU-BRY
Княгинино,Нижегородская область ,Knyaginino,Nizhny Novgorod Oblast,RU-NIZ
Ковдор,Мурманская область ,Kovdor,Murmansk Oblast,RU-MUR
Ковров,Владимирская область ,Kovrov,Vladimir Oblast,RU-VLA
Ковылкино,Республика Мордовия ,Kovylkino,Republic of Mordovia,RU-MO
Когалым,Ханты-Мансийский автономный округ - Югра ,Kogalym,Khanty-Mansi Autonomous Okrug,RU-KHM
Кодинск,Красноярский край ,Kodinsk,Krasnoyarsk Krai,RU-KYA
Козельск,Калужская область ,Kozelsk,Kaluga Oblast,RU-KLU
Козловка,Чувашская Республика ,Kozlovka,Chuvash Republic,RU-CU
Козьмодемьянск,Республика Марий Эл ,Kozmodemyansk,Mari El Republic,RU-ME
Кола,Мурманская область ,Kola,Murmansk Oblast,RU-MUR
Кологрив,Костромская область ,Kologriv,Kostroma Oblast,RU-KOS
Коломна,Московская область ,Kolomna,Moscow Oblast,RU-MOS
Колпашево,Томская область ,Kolpashevo,Tomsk Oblast,RU-TOM
Кольчугино,Владимирская область ,Kolchugino,Vladimir Oblast,RU-VLA
Коммунар,Ленинградская область ,Kommunar,Leningrad Oblast,RU-LEN
Комсомольск,Ивановская область ,Komsomolsk,Ivanovo Oblast,RU-IVA
Комсомольск-на-Амуре,Хабаровский край ,Komsomolsk-on-Amur,Khabarovsk Krai,RU-KHA
Конаково,Тверская область ,Konakovo,Tver Oblast,RU-TVE
Кондопога,Республика Карелия ,Kondopoga,Republic of Karelia,RU-KR
Кондрово,Калужская область ,Kondrovo,Kaluga Oblast,RU-KLU
Константиновск,Ростовская область ,Konstantinovsk,Rostov Oblast,RU-ROS
Копейск,Челябинская область ,Kopeysk,Chelyabinsk Oblast,RU-CHE
Кораблино,Рязанская область ,Korablino,Ryazan Oblast,RU-RYA
Кореновск,Краснодарский край ,Korenovsk,Krasnodar Krai,RU-KDA
Коркино,Челябинская область ,Korkino,Chelyabinsk Oblast,RU-CHE
Королёв,Московская область ,Korolev,Moscow Oblast,RU-MOS
Короча,Белгородская область ,Korocha,Belgorod Oblast,RU-BEL
Корсаков,Сахалинская область ,Korsakov,Sakhalin Oblast,RU-SAK
Коряжма,Архангельская область ,Koryazhma,Arkhangelsk Oblast,RU-ARK
Костерёво,Владимирская область ,Kosteryovo,Vladimir Oblast,RU-VLA
Костомукша,Республика Карелия ,Kostomuksha,Republic of Karelia,RU-KR
Кострома,Костромская область ,Kostroma,Kostroma Oblast,RU-KOS
Котельники,Московская область ,Kotelniki,Moscow Oblast,RU-MOS
Котельниково,Волгоградская область ,Kotelnikovo,Volgograd Oblast,RU-VGG
Котельнич,Кировская область ,Kotelnich,Kirov Oblast,RU-KIR
Котлас,Архангельская область ,Kotlas,Arkhangelsk Oblast,RU-ARK
Котово,Волгоградская область ,Kotovo,Volgograd Oblast,RU-VGG
Котовск,Тамбовская область ,Kotovsk,Tambov Oblast,RU-TAM
Кохма,Ивановская область ,Kokhma,Ivanovo Oblast,RU-IVA
Красавино,Вологодская область ,Krasavino,Vologda Oblast,RU-VLG
Красноармейск,Московская область ,Krasnoarmeysk,Moscow Oblast,RU-MOS
Красноармейск,Саратовская область ,Krasnoarmeysk,Saratov Oblast,RU-SAR
Красновишерск,Пермский край ,Krasnovishersk,Perm Krai,RU-PER
Красногорск,Московская область ,Krasnogorsk,Moscow Oblast,RU-MOS
Краснодар,Краснодарский край ,Krasnodar,Krasnodar Krai,RU-KDA
Краснозаводск,Московская область ,Krasnozavodsk,Moscow Oblast,RU-MOS
Краснознаменск,Калининградская область ,Krasnoznamensk,Kaliningrad Oblast,RU-KGD
Краснознаменск,Московская область ,Krasnoznamensk,Moscow Oblast,RU-MOS
Краснокаменск,Забайкальский край ,Krasnokamensk,Zabaykalsky Krai,RU-ZAB
Краснокамск,Пермский край ,Krasnokamsk,Perm Krai,RU-PER
Красноперекопск,Республика Крым ,Krasnoperekopsk,Republic of Crimea (для посольства США — страна Украина),UA-43
Краснослободск,Волгоградская область ,Krasnoslobodsk,Volgograd Oblast,RU-VGG
Краснослободск,Республика Мордовия ,Krasnoslobodsk,Republic of Mordovia,RU-MO
Краснотурьинск,Свердловская область ,Krasnoturyinsk,Sverdlovsk Oblast,RU-SVE
Красноуральск,Свердловская область ,Krasnouralsk,Sverdlovsk Oblast,RU-SVE
Красноуфимск,Свердловская область ,Krasnoufimsk,Sverdlovsk Oblast,RU-SVE
Красноярск,Красноярский край ,Krasnoyarsk,Krasnoyarsk Krai,RU-KYA
Красный Кут,Саратовская область ,Krasny Kut,Saratov Oblast,RU-SAR
Красный Сулин,Ростовская область ,Krasny Sulin,Rostov Oblast,RU-ROS
Красный Холм,Тверская область ,Krasny Kholm,Tver Oblast,RU-TVE
Кремёнки,Калужская область ,Kremyonki,Kaluga Oblast,RU-KLU
Кропоткин,Краснодарский край ,Kropotkin,Krasnodar Krai,RU-KDA
Крым,Республика Крым ,Crimea,Republic of Crimea (для посольства США — страна Украина),UA-43
Крымск,Краснодарский край ,Krymsk,Krasnodar Krai,RU-KDA
Кстово,Нижегородская область ,Kstovo,Nizhny Novgorod Oblast,RU-NIZ
Кубинка,Московская область ,Kubinka,Moscow Oblast,RU-MOS
Кувандык,Оренбургская область ,Kuvandyk,Orenburg Oblast,RU-ORE
Кувшиново,Тверская область ,Kuvshinovo,Tver Oblast,RU-TVE
Кудымкар,Пермский край ,Kudymkar,Perm Krai,RU-PER
Кузнецк,Пензенская область ,Kuznetsk,Penza Oblast,RU-PNZ
Куйбышев,Новосибирская область ,Kuybyshev,Novosibirsk Oblast,RU-NVS
Кулебаки,Нижегородская область ,Kulebaki,Nizhny Novgorod Oblast,RU-NIZ
Кумертау,Республика Башкортостан ,Kumertau,Republic of Bashkortostan,RU-BA
Кунгур,Пермский край ,Kungur,Perm Krai,RU-PER
Купино,Новосибирская область ,Kupino,Novosibirsk Oblast,RU-NVS
Курган,Курганская область ,Kurgan,Kurgan Oblast,RU-KGN
Курганинск,Краснодарский край ,Kurganinsk,Krasnodar Krai,RU-KDA
Курильск,Сахалинская область ,Kurilsk,Sakhalin Oblast,RU-SAK
Курлово,Владимирская область ,Kurlovo,Vladimir Oblast,RU-VLA
Куровское,Московская область ,Kurovskoye,Moscow Oblast,RU-MOS
Курск,Курская область ,Kursk,Kursk Oblast,RU-KRS
Куртамыш,Курганская область ,Kurtamysh,Kurgan Oblast,RU-KGN
Курчатов,Курская область ,Kurchatov,Kursk Oblast,RU-KRS
Куса,Челябинская область ,Kusa,Chelyabinsk Oblast,RU-CHE
Кушва,Свердловская область ,Kushva,Sverdlovsk Oblast,RU-SVE
Кызыл,Республика Тыва ,Kyzyl,Tyva Republic,RU-TY
Кыштым,Челябинская область ,Kyshtym,Chelyabinsk Oblast,RU-CHE
Кяхта,Республика Бурятия ,Kyakhta,Republic of Buryatia,RU-BU
Лабинск,Краснодарский край ,Labinsk,Krasnodar Krai,RU-KDA
Лабытнанги,Ямало-Ненецкий автономный округ ,Labytnangi,Yamalo-Nenets Autonomous Okrug,RU-YAN
Лагань,Республика Калмыкия ,Lagan,Republic of Kalmykia,RU-KL
Ладушкин,Калининградская область ,Ladushkin,Kaliningrad Oblast,RU-KGD
Лаишево,Республика Татарстан ,Laishevo,Republic of Tatarstan,RU-TA
Лакинск,Владимирская область ,Lakinsk,Vladimir Oblast,RU-VLA
Лангепас,Ханты-Мансийский автономный округ - Югра ,Langepas,Khanty-Mansi Autonomous Okrug,RU-KHM
Лахденпохья,Республика Карелия ,Lakhdenpokhya,Republic of Karelia,RU-KR
Лебедянь,Липецкая область ,Lebedyan,Lipetsk Oblast,RU-LIP
Лениногорск,Республика Татарстан ,Leninogorsk,Republic of Tatarstan,RU-TA
Ленинск,Волгоградская область ,Leninsk,Volgograd Oblast,RU-VGG
Ленинск-Кузнецкий,Кемеровская область ,Leninsk-Kuznetsky,Kemerovo Oblast,RU-KEM
Ленск,Республика Саха (Якутия) ,Lensk,Sakha Republic,RU-SA
Лермонтов,Ставропольский край ,Lermontov,Stavropol Krai,RU-STA
Лесной,Свердловская область ,Lesnoy,Sverdlovsk Oblast,RU-SVE
Лесозаводск,Приморский край ,Lesozavodsk,Primorsky Krai,RU-PRI
Лесосибирск,Красноярский край ,Lesosibirsk,Krasnoyarsk Krai,RU-KYA
Ливны,Орловская область ,Livny,Oryol Oblast,RU-ORL
Липецк,Липецкая область ,Lipetsk,Lipetsk Oblast,RU-LIP
Ликино-Дулёво,Московская область ,Likino-Dulyovo,Moscow Oblast,RU-MOS
Липки,Тульская область ,Lipki,Tula Oblast,RU-TUL
Лиски,Воронежская область ,Liski,Voronezh Oblast,RU-VOR
Лихославль,Тверская область ,Likhoslavl,Tver Oblast,RU-TVE
Лобня,Московская область ,Lobnya,Moscow Oblast,RU-MOS
Лодейное Поле,Ленинградская область ,Lodeynoye Pole,Leningrad Oblast,RU-LEN
Лосино-Петровский,Московская область ,Losino-Petrovsky,Moscow Oblast,RU-MOS
Луга,Ленинградская область ,Luga,Leningrad Oblast,RU-LEN
Луза,Кировская область ,Luza,Kirov Oblast,RU-KIR
Лукоянов,Нижегородская область ,Lukoyanov,Nizhny Novgorod Oblast,RU-NIZ
Луховицы,Московская область ,Lukhovitsy,Moscow Oblast,RU-MOS
Лысково,Нижегородская область ,Lyskovo,Nizhny Novgorod Oblast,RU-NIZ
Лысьва,Пермский край ,Lysva,Perm Krai,RU-PER
Лыткарино,Московская область ,Lytkarino,Moscow Oblast,RU-MOS
Льгов,Курская область ,Lgov,Kursk Oblast,RU-KRS
Любань,Ленинградская область ,Lyuban,Leningrad Oblast,RU-LEN
Люберцы,Московская область ,Lyubertsy,Moscow Oblast,RU-MOS
Любим,Ярославская область ,Lyubim,Yaroslavl Oblast,RU-YAR
Людиново,Калужская область ,Lyudinovo,Kaluga Oblast,RU-KLU
Лянтор,Ханты-Мансийский автономный округ - Югра ,Lyantor,Khanty-Mansi Autonomous Okrug,RU-KHM
ММагадан,Магаданская область ,Magadan,Magadan Oblast,RU-MAG
Магас,Республика Ингушетия ,Magas,Republic of Ingushetia,RU-IN
Магнитогорск,Челябинская область ,Magnitogorsk,Chelyabinsk Oblast,RU-CHE
Майкоп,Республика Адыгея ,Maykop,Republic of Adygea,RU-AD
Майский,Кабардино-Балкарская Республика ,Maysky,Kabardino-Balkar Republic,RU-KB
Макаров,Сахалинская область ,Makarov,Sakhalin Oblast,RU-SAK
Макарьев,Костромская область ,Makaryev,Kostroma Oblast,RU-KOS
Макушино,Курганская область ,Makushino,Kurgan Oblast,RU-KGN
Малая Вишера,Новгородская область ,Malaya Vishera,Novgorod Oblast,RU-NGR
Малгобек,Республика Ингушетия ,Malgobek,Republic of Ingushetia,RU-IN
Малмыж,Кировская область ,Malmyzh,Kirov Oblast,RU-KIR
Малоархангельск,Орловская область ,Maloarkhangelsk,Oryol Oblast,RU-ORL
Малоярославец,Калужская область ,Maloyaroslavets,Kaluga Oblast,RU-KLU
Мамадыш,Республика Татарстан ,Mamadysh,Republic of Tatarstan,RU-TA
Мамоново,Калининградская область ,Mamonovo,Kaliningrad Oblast,RU-KGD
Мантурово,Костромская область ,Manturovo,Kostroma Oblast,RU-KOS
Мариинск,Кемеровская область ,Mariinsk,Kemerovo Oblast,RU-KEM
Мариинский Посад,Чувашская Республика ,Mariinsky Posad,Chuvash Republic,RU-CU
Маркс,Саратовская область ,Marks,Saratov Oblast,RU-SAR
Махачкала,Республика Дагестан ,Makhachkala,Republic of Dagestan,RU-DA
Мглин,Брянская область ,Mglin,Bryansk Oblast,RU-BRY
Мегион,Ханты-Мансийский автономный округ - Югра ,Megion,Khanty-Mansi Autonomous Okrug,RU-KHM
Медвежьегорск,Республика Карелия ,Medvezhyegorsk,Republic of Karelia,RU-KR
Медногорск,Оренбургская область ,Mednogorsk,Orenburg Oblast,RU-ORE
Медынь,Калужская область ,Medyn,Kaluga Oblast,RU-KLU
Межгорье,Республика Башкортостан ,Mezhgorye,Republic of Bashkortostan,RU-BA
Междуреченск,Кемеровская область ,Mezhdurechensk,Kemerovo Oblast,RU-KEM
Мезень,Архангельская область ,Mezen,Arkhangelsk Oblast,RU-ARK
Меленки,Владимирская область ,Melenki,Vladimir Oblast,RU-VLA
Мелеуз,Республика Башкортостан ,Meleuz,Republic of Bashkortostan,RU-BA
Менделеевск,Республика Татарстан ,Mendeleyevsk,Republic of Tatarstan,RU-TA
Мензелинск,Республика Татарстан ,Menzelinsk,Republic of Tatarstan,RU-TA
Мещовск,Калужская область ,Meshchovsk,Kaluga Oblast,RU-KLU
Миасс,Челябинская область ,Miass,Chelyabinsk Oblast,RU-CHE
Микунь,Республика Коми ,Mikun,Komi Republic,RU-KO
Миллерово,Ростовская область ,Millerovo,Rostov Oblast,RU-ROS
Минеральные Воды,Ставропольский край ,Mineralnye Vody,Stavropol Krai,RU-STA
Минусинск,Красноярский край ,Minusinsk,Krasnoyarsk Krai,RU-KYA
Миньяр,Челябинская область ,Minyar,Chelyabinsk Oblast,RU-CHE
Мирный,Республика Саха (Якутия) ,Mirny,Sakha Republic,RU-SA
Мирный,Архангельская область ,Mirny,Arkhangelsk Oblast,RU-ARK
Михайлов,Рязанская область ,Mikhaylov,Ryazan Oblast,RU-RYA
Михайловка,Волгоградская область ,Mikhaylovka,Volgograd Oblast,RU-VGG
Михайловск,Свердловская область ,Mikhaylovsk,Sverdlovsk Oblast,RU-SVE
Михайловск,Ставропольский край ,Mikhaylovsk,Stavropol Krai,RU-STA
Мичуринск,Тамбовская область ,Michurinsk,Tambov Oblast,RU-TAM
Могоча,Забайкальский край ,Mogocha,Zabaykalsky Krai,RU-ZAB
Можайск,Московская область ,Mozhaysk,Moscow Oblast,RU-MOS
Можга,Удмуртская Республика ,Mozhga,Udmurt Republic,RU-UD
Моздок,Республика Северная Осетия - Алания ,Mozdok,Republic of North Ossetia-Alania,RU-SE
Мончегорск,Мурманская область ,Monchegorsk,Murmansk Oblast,RU-MUR
Морозовск,Ростовская область ,Morozovsk,Rostov Oblast,RU-ROS
Моршанск,Тамбовская область ,Morshansk,Tambov Oblast,RU-TAM
Мосальск,Калужская область ,Mosalsk,Kaluga Oblast,RU-KLU
Москва,Москва ,Moscow,Moscow,RU-MOW
Муравленко,Ямало-Ненецкий автономный округ ,Muravlenko,Yamalo-Nenets Autonomous Okrug,RU-YAN
Мураши,Кировская область ,Murashi,Kirov Oblast,RU-KIR
Мурманск,Мурманская область ,Murmansk,Murmansk Oblast,RU-MUR
Муром,Владимирская область ,Murom,Vladimir Oblast,RU-VLA
Мценск,Орловская область ,Mtsensk,Oryol Oblast,RU-ORL
Мыски,Кемеровская область ,Myski,Kemerovo Oblast,RU-KEM
Мытищи,Московская область ,Mytishchi,Moscow Oblast,RU-MOS
Мышкин,Ярославская область ,Myshkin,Yaroslavl Oblast,RU-YAR
Набережные Челны,Республика Татарстан ,Naberezhnye Chelny,Republic of Tatarstan,RU-TA
Навашино,Нижегородская область ,Navashino,Nizhny Novgorod Oblast,RU-NIZ
Наволоки,Ивановская область ,Navoloki,Ivanovo Oblast,RU-IVA
Надым,Ямало-Ненецкий автономный округ ,Nadym,Yamalo-Nenets Autonomous Okrug,RU-YAN
Назарово,Красноярский край ,Nazarovo,Krasnoyarsk Krai,RU-KYA
Назрань,Республика Ингушетия ,Nazran,Republic of Ingushetia,RU-IN
Называевск,Омская область ,Nazyvayevsk,Omsk Oblast,RU-OMS
Нальчик,Кабардино-Балкарская Республика ,Nalchik,Kabardino-Balkar Republic,RU-KB
Нариманов,Астраханская область ,Narimanov,Astrakhan Oblast,RU-AST
Наро-Фоминск,Московская область ,Naro-Fominsk,Moscow Oblast,RU-MOS
Нарткала,Кабардино-Балкарская Республика ,Nartkala,Kabardino-Balkar Republic,RU-KB
Нарьян-Мар,Ненецкий автономный округ ,Naryan-Mar,Nenets Autonomous Okrug,RU-NEN
Находка,Приморский край ,Nakhodka,Primorsky Krai,RU-PRI
Невель,Псковская область ,Nevel,Pskov Oblast,RU-PSK
Невельск,Сахалинская область ,Nevelsk,Sakhalin Oblast,RU-SAK
Невинномысск,Ставропольский край ,Nevinnomyssk,Stavropol Krai,RU-STA
Невьянск,Свердловская область ,Nevyansk,Sverdlovsk Oblast,RU-SVE
Нелидово,Тверская область ,Nelidovo,Tver Oblast,RU-TVE
Неман,Калининградская область ,Neman,Kaliningrad Oblast,RU-KGD
Нерехта,Костромская область ,Nerekhta,Kostroma Oblast,RU-KOS
Нерчинск,Забайкальский край ,Nerchinsk,Zabaykalsky Krai,RU-ZAB
Нерюнгри,Республика Саха (Якутия) ,Neryungri,Sakha Republic,RU-SA
Нестеров,Калининградская область ,Nesterov,Kaliningrad Oblast,RU-KGD
Нефтегорск,Самарская область ,Neftegorsk,Samara Oblast,RU-SAM
Нефтекамск,Республика Башкортостан ,Neftekamsk,Republic of Bashkortostan,RU-BA
Нефтекумск,Ставропольский край ,Neftekumsk,Stavropol Krai,RU-STA
Нефтеюганск,Ханты-Мансийский автономный округ - Югра ,Nefteyugansk,Khanty-Mansi Autonomous Okrug,RU-KHM
Нея,Костромская область ,Neya,Kostroma Oblast,RU-KOS
Нижневартовск,Ханты-Мансийский автономный округ - Югра ,Nizhnevartovsk,Khanty-Mansi Autonomous Okrug,RU-KHM
Нижнекамск,Республика Татарстан ,Nizhnekamsk,Republic of Tatarstan,RU-TA
Нижнеудинск,Иркутская область ,Nizhneudinsk,Irkutsk Oblast,RU-IRK
Нижние Серги,Свердловская область ,Nizhniye Sergi,Sverdlovsk Oblast,RU-SVE
Нижний Ломов,Пензенская область ,Nizhny Lomov,Penza Oblast,RU-PNZ
Нижний Новгород,Нижегородская область ,Nizhny Novgorod,Nizhny Novgorod Oblast,RU-NIZ
Нижний Тагил,Свердловская область ,Nizhny Tagil,Sverdlovsk Oblast,RU-SVE
Нижняя Салда,Свердловская область ,Nizhnyaya Salda,Sverdlovsk Oblast,RU-SVE
Нижняя Тура,Свердловская область ,Nizhnyaya Tura,Sverdlovsk Oblast,RU-SVE
Николаевск,Волгоградская область ,Nikolayevsk,Volgograd Oblast,RU-VGG
Николаевск-на-Амуре,Хабаровский край ,Nikolayevsk-on-Amur,Khabarovsk Krai,RU-KHA
Никольск,Вологодская область ,Nikolsk,Vologda Oblast,RU-VLG
Никольск,Пензенская область ,Nikolsk,Penza Oblast,RU-PNZ
Никольское,Ленинградская область ,Nikolskoye,Leningrad Oblast,RU-LEN
Новая Ладога,Ленинградская область ,Novaya Ladoga,Leningrad Oblast,RU-LEN
Новая Ляля,Свердловская область ,Novaya Lyalya,Sverdlovsk Oblast,RU-SVE
Новоалександровск,Ставропольский край ,Novoalexandrovsk,Stavropol Krai,RU-STA
Новоалтайск,Алтайский край ,Novoaltaysk,Altai Krai,RU-ALT
Новоаннинский,Волгоградская область ,Novoanninsky,Volgograd Oblast,RU-VGG
Нововоронеж,Воронежская область ,Novovoronezh,Voronezh Oblast,RU-VOR
Новодвинск,Архангельская область ,Novodvinsk,Arkhangelsk Oblast,RU-ARK
Новозыбков,Брянская область ,Novozybkov,Bryansk Oblast,RU-BRY
Новокубанск,Краснодарский край ,Novokubansk,Krasnodar Krai,RU-KDA
Новокузнецк,Кемеровская область ,Novokuznetsk,Kemerovo Oblast,RU-KEM
Новокуйбышевск,Самарская область ,Novokuybyshevsk,Samara Oblast,RU-SAM
Новомичуринск,Рязанская область ,Novomichurinsk,Ryazan Oblast,RU-RYA
Новомосковск,Тульская область ,Novomoskovsk,Tula Oblast,RU-TUL
Новопавловск,Ставропольский край ,Novopavlovsk,Stavropol Krai,RU-STA
Новоржев,Псковская область ,Novorzhev,Pskov Oblast,RU-PSK
Новороссийск,Краснодарский край ,Novorossiysk,Krasnodar Krai,RU-KDA
Новосибирск,Новосибирская область ,Novosibirsk,Novosibirsk Oblast,RU-NVS
Новосиль,Орловская область ,Novosil,Oryol Oblast,RU-ORL
Новосокольники,Псковская область ,Novosokolniki,Pskov Oblast,RU-PSK
Новотроицк,Оренбургская область ,Novotroitsk,Orenburg Oblast,RU-ORE
Новоузенск,Саратовская область ,Novouzensk,Saratov Oblast,RU-SAR
Новоульяновск,Ульяновская область ,Novoulyanovsk,Ulyanovsk Oblast,RU-ULY
Новоуральск,Свердловская область ,Novouralsk,Sverdlovsk Oblast,RU-SVE
Новохопёрск,Воронежская область ,Novokhopyorsk,Voronezh Oblast,RU-VOR
Новочебоксарск,Чувашская Республика ,Novocheboksarsk,Chuvash Republic,RU-CU
Новочеркасск,Ростовская область ,Novocherkassk,Rostov Oblast,RU-ROS
Новошахтинск,Ростовская область ,Novoshakhtinsk,Rostov Oblast,RU-ROS
Новый Оскол,Белгородская область ,Novy Oskol,Belgorod Oblast,RU-BEL
Новый Уренгой,Ямало-Ненецкий автономный округ ,Novy Urengoy,Yamalo-Nenets Autonomous Okrug,RU-YAN
Ногинск,Московская область ,Noginsk,Moscow Oblast,RU-MOS
Нолинск,Кировская область ,Nolinsk,Kirov Oblast,RU-KIR
Норильск,Красноярский край ,Norilsk,Krasnoyarsk Krai,RU-KYA
Ноябрьск,Ямало-Ненецкий автономный округ ,Noyabrsk,Yamalo-Nenets Autonomous Okrug,RU-YAN
Нурлат,Республика Татарстан ,Nurlat,Republic of Tatarstan,RU-TA
Нытва,Пермский край ,Nytva,Perm Krai,RU-PER
Нюрба,Республика Саха (Якутия) ,Nyurba,Sakha Republic,RU-SA
Нягань,Ханты-Мансийский автономный округ - Югра ,Nyagan,Khanty-Mansi Autonomous Okrug,RU-KHM
Нязепетровск,Челябинская область ,Nyazepetrovsk,Chelyabinsk Oblast,RU-CHE
Няндома,Архангельская область ,Nyandoma,Arkhangelsk Oblast,RU-ARK
Облучье,Еврейская автономная область ,Obluchye,Jewish Autonomous Oblast,RU-YEV
Обнинск,Калужская область ,Obninsk,Kaluga Oblast,RU-KLU
Обоянь,Курская область ,Oboyan,Kursk Oblast,RU-KRS
Обь,Новосибирская область ,Ob,Novosibirsk Oblast,RU-NVS
Одинцово,Московская область ,Odintsovo,Moscow Oblast,RU-MOS
Озёрск,Калининградская область ,Ozyorsk,Kaliningrad Oblast,RU-KGD
Озёрск,Челябинская область ,Ozyorsk,Chelyabinsk Oblast,RU-CHE
Озёры,Московская область ,Ozyory,Moscow Oblast,RU-MOS
Октябрьск,Самарская область ,Oktyabrsk,Samara Oblast,RU-SAM
Октябрьский,Республика Башкортостан ,Oktyabrsky,Republic of Bashkortostan,RU-BA
Окуловка,Новгородская область ,Okulovka,Novgorod Oblast,RU-NGR
Олёкминск,Республика Саха (Якутия) ,Olyokminsk,Sakha Republic,RU-SA
Оленегорск,Мурманская область ,Olenegorsk,Murmansk Oblast,RU-MUR
Олонец,Республика Карелия ,Olonets,Republic of Karelia,RU-KR
Омск,Омская область ,Omsk,Omsk Oblast,RU-OMS
Омутнинск,Кировская область ,Omutninsk,Kirov Oblast,RU-KIR
Онега,Архангельская область ,Onega,Arkhangelsk Oblast,RU-ARK
Опочка,Псковская область ,Opochka,Pskov Oblast,RU-PSK
Орёл,Орловская область ,Oryol,Oryol Oblast,RU-ORL
Оренбург,Оренбургская область ,Orenburg,Orenburg Oblast,RU-ORE
Орехово-Зуево,Московская область ,Orekhovo-Zuyevo,Moscow Oblast,RU-MOS
Орлов,Кировская область ,Orlov,Kirov Oblast,RU-KIR
Орск,Оренбургская область ,Orsk,Orenburg Oblast,RU-ORE
Оса,Пермский край ,Osa,Perm Krai,RU-PER
Осинники,Кемеровская область ,Osinniki,Kemerovo Oblast,RU-KEM
Осташков,Тверская область ,Ostashkov,Tver Oblast,RU-TVE
Остров,Псковская область ,Ostrov,Pskov Oblast,RU-PSK
Островной,Мурманская область ,Ostrovnoy,Murmansk Oblast,RU-MUR
Острогожск,Воронежская область ,Ostrogozhsk,Voronezh Oblast,RU-VOR
Отрадное,Ленинградская область ,Otradnoye,Leningrad Oblast,RU-LEN
Отрадный,Самарская область ,Otradny,Samara Oblast,RU-SAM
Оха,Сахалинская область ,Okha,Sakhalin Oblast,RU-SAK
Оханск,Пермский край ,Okhansk,Perm Krai,RU-PER
Очёр,Пермский край ,Ochyor,Perm Krai,RU-PER
Павлово,Нижегородская область ,Pavlovo,Nizhny Novgorod Oblast,RU-NIZ
Павловск,Воронежская область ,Pavlovsk,Voronezh Oblast,RU-VOR
Павловский Посад,Московская область ,Pavlovsky Posad,Moscow Oblast,RU-MOS
Палласовка,Волгоградская область ,Pallasovka,Volgograd Oblast,RU-VGG
Партизанск,Приморский край ,Partizansk,Primorsky Krai,RU-PRI
Певек,Чукотский автономный округ ,Pevek,Chukotka Autonomous Okrug,RU-CHU
Пенза,Пензенская область ,Penza,Penza Oblast,RU-PNZ
Первомайск,Нижегородская область ,Pervomaysk,Nizhny Novgorod Oblast,RU-NIZ
Первоуральск,Свердловская область ,Pervouralsk,Sverdlovsk Oblast,RU-SVE
Перевоз,Нижегородская область ,Perevoz,Nizhny Novgorod Oblast,RU-NIZ
Пересвет,Московская область ,Peresvet,Moscow Oblast,RU-MOS
Переславль-Залесский,Ярославская область ,Pereslavl-Zalessky,Yaroslavl Oblast,RU-YAR
Пермь,Пермский край ,Perm,Perm Krai,RU-PER
Пестово,Новгородская область ,Pestovo,Novgorod Oblast,RU-NGR
Петров Вал,Волгоградская область ,Petrov Val,Volgograd Oblast,RU-VGG
Петровск,Саратовская область ,Petrovsk,Saratov Oblast,RU-SAR
Петровск-Забайкальский,Забайкальский край ,Petrovsk-Zabaykalsky,Zabaykalsky Krai,RU-ZAB
Петрозаводск,Республика Карелия ,Petrozavodsk,Republic of Karelia,RU-KR
Петропавловск-Камчатский,Камчатский край ,Petropavlovsk-Kamchatsky,Kamchatka Krai,RU-KAM
Петухово,Курганская область ,Petukhovo,Kurgan Oblast,RU-KGN
Петушки,Владимирская область ,Petushki,Vladimir Oblast,RU-VLA
Печора,Республика Коми ,Pechora,Komi Republic,RU-KO
Печоры,Псковская область ,Pechory,Pskov Oblast,RU-PSK
Пикалёво,Ленинградская область ,Pikalyovo,Leningrad Oblast,RU-LEN
Пионерский,Калининградская область ,Pionersky,Kaliningrad Oblast,RU-KGD
Питкяранта,Республика Карелия ,Pitkyaranta,Republic of Karelia,RU-KR
Плавск,Тульская область ,Plavsk,Tula Oblast,RU-TUL
Пласт,Челябинская область ,Plast,Chelyabinsk Oblast,RU-CHE
Плёс,Ивановская область ,Plyos,Ivanovo Oblast,RU-IVA
Поворино,Воронежская область ,Povorino,Voronezh Oblast,RU-VOR
Подольск,Московская область ,Podolsk,Moscow Oblast,RU-MOS
Подпорожье,Ленинградская область ,Podporozhye,Leningrad Oblast,RU-LEN
Покачи,Ханты-Мансийский автономный округ - Югра ,Pokachi,Khanty-Mansi Autonomous Okrug,RU-KHM
Покров,Владимирская область ,Pokrov,Vladimir Oblast,RU-VLA
Покровск,Республика Саха (Якутия) ,Pokrovsk,Sakha Republic,RU-SA
Полевской,Свердловская область ,Polevskoy,Sverdlovsk Oblast,RU-SVE
Полесск,Калининградская область ,Polessk,Kaliningrad Oblast,RU-KGD
Полысаево,Кемеровская область ,Polysayevo,Kemerovo Oblast,RU-KEM
Полярные Зори,Мурманская область ,Polyarnye Zori,Murmansk Oblast,RU-MUR
Полярный,Мурманская область ,Polyarny,Murmansk Oblast,RU-MUR
Поронайск,Сахалинская область ,Poronaysk,Sakhalin Oblast,RU-SAK
Порхов,Псковская область ,Porkhov,Pskov Oblast,RU-PSK
Похвистнево,Самарская область ,Pokhvistnevo,Samara Oblast,RU-SAM
Почеп,Брянская область ,Pochep,Bryansk Oblast,RU-BRY
Починок,Смоленская область ,Pochinok,Pochinkovsky District,RU-SMO
Пошехонье,Ярославская область ,Poshekhonye,Yaroslavl Oblast,RU-YAR
Правдинск,Калининградская область ,Pravdinsk,Kaliningrad Oblast,RU-KGD
Приволжск,Ивановская область ,Privolzhsk,Ivanovo Oblast,RU-IVA
Приморск,Калининградская область ,Primorsk,Kaliningrad Oblast,RU-KGD
Приморск,Ленинградская область ,Primorsk,Leningrad Oblast,RU-LEN
Приморско-Ахтарск,Краснодарский край ,Primorsko-Akhtarsk,Krasnodar Krai,RU-KDA
Приозерск,Ленинградская область ,Priozersk,Leningrad Oblast,RU-LEN
Прокопьевск,Кемеровская область ,Prokopyevsk,Kemerovo Oblast,RU-KEM
Пролетарск,Ростовская область ,Proletarsk,Rostov Oblast,RU-ROS
Протвино,Московская область ,Protvino,Moscow Oblast,RU-MOS
Прохладный,Кабардино-Балкарская Республика ,Prokhladny,Kabardino-Balkar Republic,RU-KB
Псков,Псковская область ,Pskov,Pskov Oblast,RU-PSK
Пугачёв,Саратовская область ,Pugachyov,Saratov Oblast,RU-SAR
Пудож,Республика Карелия ,Pudozh,Republic of Karelia,RU-KR
Пустошка,Псковская область ,Pustoshka,Pskov Oblast,RU-PSK
Пучеж,Ивановская область ,Puchezh,Ivanovo Oblast,RU-IVA
Пушкино,Московская область ,Pushkino,Moscow Oblast,RU-MOS
Пущино,Московская область ,Pushchino,Moscow Oblast,RU-MOS
Пыталово,Псковская область ,Pytalovo,Pskov Oblast,RU-PSK
Пыть-Ях,Ханты-Мансийский автономный округ - Югра ,Pyt-Yakh,Khanty-Mansi Autonomous Okrug,RU-KHM
Пятигорск,Ставропольский край ,Pyatigorsk,Stavropol Krai,RU-STA
Радужный,Владимирская область ,Raduzhny,Vladimir Oblast,RU-VLA
Радужный,Ханты-Мансийский автономный округ - Югра ,Raduzhny,Khanty-Mansi Autonomous Okrug,RU-KHM
Райчихинск,Амурская область ,Raychikhinsk,Amur Oblast,RU-AMU
Раменское,Московская область ,Ramenskoye,Moscow Oblast,RU-MOS
Рассказово,Тамбовская область ,Rasskazovo,Tambov Oblast,RU-TAM
Ревда,Свердловская область ,Revda,Sverdlovsk Oblast,RU-SVE
Реж,Свердловская область ,Rezh,Sverdlovsk Oblast,RU-SVE
Реутов,Московская область ,Reutov,Moscow Oblast,RU-MOS
Ржев,Тверская область ,Rzhev,Tver Oblast,RU-TVE
Родники,Ивановская область ,Rodniki,Ivanovo Oblast,RU-IVA
Рославль,Смоленская область ,Roslavl,Smolensk Oblast,RU-SMO
Россошь,Воронежская область ,Rossosh,Voronezh Oblast,RU-VOR
Ростов-на-Дону,Ростовская область ,Rostov-on-Don,Rostov Oblast,RU-ROS
Ростов,Ярославская область ,Rostov,Yaroslavl Oblast,RU-YAR
Рошаль,Московская область ,Roshal,Moscow Oblast,RU-MOS
Ртищево,Саратовская область ,Rtishchevo,Saratov Oblast,RU-SAR
Рубцовск,Алтайский край ,Rubtsovsk,Altai Krai,RU-ALT
Рудня,Смоленская область ,Rudnya,Smolensk Oblast,RU-SMO
Руза,Московская область ,Ruza,Moscow Oblast,RU-MOS
Рузаевка,Республика Мордовия ,Ruzayevka,Republic of Mordovia,RU-MO
Рыбинск,Ярославская область ,Rybinsk,Yaroslavl Oblast,RU-YAR
Рыбное,Рязанская область ,Rybnoye,Ryazan Oblast,RU-RYA
Рыльск,Курская область ,Rylsk,Kursk Oblast,RU-KRS
Ряжск,Рязанская область ,Ryazhsk,Ryazan Oblast,RU-RYA
Рязань,Рязанская область ,Ryazan,Ryazan Oblast,RU-RYA
Саки,Республика Крым ,Republic of Crimea,#ЗНАЧ!,UA-43
Салават,Республика Башкортостан ,Salavat,Republic of Bashkortostan,RU-BA
Салаир,Кемеровская область ,Salair,Kemerovo Oblast,RU-KEM
Салехард,Ямало-Ненецкий автономный округ ,Salekhard,Yamalo-Nenets Autonomous Okrug,RU-YAN
Сальск,Ростовская область ,Salsk,Rostov Oblast,RU-ROS
Самара,Самарская область ,Samara,Samara Oblast,RU-SAM
Санкт-Петербург ,Санкт-Петербург ,Saint Petersburg,Saint Petersburg,RU-SPE
Саранск,Республика Мордовия ,Saransk,Republic of Mordovia,RU-MO
Сарапул,Удмуртская Республика ,Sarapul,Udmurt Republic,RU-UD
Саратов,Саратовская область ,Saratov,Saratov Oblast,RU-SAR
Саров,Нижегородская область ,Sarov,Nizhny Novgorod Oblast,RU-NIZ
Сасово,Рязанская область ,Sasovo,Ryazan Oblast,RU-RYA
Сатка,Челябинская область ,Satka,Chelyabinsk Oblast,RU-CHE
Сафоново,Смоленская область ,Safonovo,Smolensk Oblast,RU-SMO
Саяногорск,Республика Хакасия ,Sayanogorsk,Republic of Khakassia,RU-KK
Саянск,Иркутская область ,Sayansk,Irkutsk Oblast,RU-IRK
Светлогорск,Калининградская область ,Svetlogorsk,Kaliningrad Oblast,RU-KGD
Светлоград,Ставропольский край ,Svetlograd,Stavropol Krai,RU-STA
Светлый,Калининградская область ,Svetly,Kaliningrad Oblast,RU-KGD
Светогорск,Ленинградская область ,Svetogorsk,Leningrad Oblast,RU-LEN
Свирск,Иркутская область ,Svirsk,Irkutsk Oblast,RU-IRK
Свободный,Амурская область ,Svobodny,Amur Oblast,RU-AMU
Себеж,Псковская область ,Sebezh,Pskov Oblast,RU-PSK
Севастополь,Севастополь ,Sevastopol,Sevastopol,UA-40
Северо-Курильск,Сахалинская область ,Severo-Kurilsk,Sakhalin Oblast,RU-SAK
Северобайкальск,Республика Бурятия ,Severobaykalsk,Republic of Buryatia,RU-BU
Северодвинск,Архангельская область ,Severodvinsk,Arkhangelsk Oblast,RU-ARK
Североморск,Мурманская область ,Severomorsk,Murmansk Oblast,RU-MUR
Североуральск,Свердловская область ,Severouralsk,Sverdlovsk Oblast,RU-SVE
Северск,Томская область ,Seversk,Tomsk Oblast,RU-TOM
Севск,Брянская область ,Sevsk,Bryansk Oblast,RU-BRY
Сегежа,Республика Карелия ,Segezha,Republic of Karelia,RU-KR
Сельцо,Брянская область ,Seltso,Bryansk Oblast,RU-BRY
Семёнов,Нижегородская область ,Semyonov,Nizhny Novgorod Oblast,RU-NIZ
Семикаракорск,Ростовская область ,Semikarakorsk,Rostov Oblast,RU-ROS
Семилуки,Воронежская область ,Semiluki,Voronezh Oblast,RU-VOR
Сенгилей,Ульяновская область ,Sengiley,Ulyanovsk Oblast,RU-ULY
Серафимович,Волгоградская область ,Serafimovich,Volgograd Oblast,RU-VGG
Сергач,Нижегородская область ,Sergach,Nizhny Novgorod Oblast,RU-NIZ
Сергиев Посад,Московская область ,Sergiyev Posad,Moscow Oblast,RU-MOS
Сердобск,Пензенская область ,Serdobsk,Penza Oblast,RU-PNZ
Серов,Свердловская область ,Serov,Sverdlovsk Oblast,RU-SVE
Серпухов,Московская область ,Serpukhov,Moscow Oblast,RU-MOS
Сертолово,Ленинградская область ,Sertolovo,Leningrad Oblast,RU-LEN
Сибай,Республика Башкортостан ,Sibay,Republic of Bashkortostan,RU-BA
Сим,Челябинская область ,Sim,Chelyabinsk Oblast,RU-CHE
Симферополь,Республика Крым ,Simferopol,Republic of Crimea,UA-43
Сковородино,Амурская область ,Skovorodino,Amur Oblast,RU-AMU
Скопин,Рязанская область ,Skopin,Ryazan Oblast,RU-RYA
Славгород,Алтайский край ,Slavgorod,Altai Krai,RU-ALT
Славск,Калининградская область ,Slavsk,Kaliningrad Oblast,RU-KGD
Славянск-на-Кубани,Краснодарский край ,Slavyansk-na-Kubani,Krasnodar Krai,RU-KDA
Сланцы,Ленинградская область ,Slantsy,Leningrad Oblast,RU-LEN
Слободской,Кировская область ,Slobodskoy,Kirov Oblast,RU-KIR
Слюдянка,Иркутская область ,Slyudyanka,Irkutsk Oblast,RU-IRK
Смоленск,Смоленская область ,Smolensk,Smolensk Oblast,RU-SMO
Снежинск,Челябинская область ,Snezhinsk,Chelyabinsk Oblast,RU-CHE
Снежногорск,Мурманская область ,Snezhnogorsk,Murmansk Oblast,RU-MUR
Собинка,Владимирская область ,Sobinka,Vladimir Oblast,RU-VLA
Советск,Калининградская область ,Sovetsk,Kaliningrad Oblast,RU-KGD
Советск,Кировская область ,Sovetsk,Kirov Oblast,RU-KIR
Советск,Тульская область ,Sovetsk,Tula Oblast,RU-TUL
Советская Гавань,Хабаровский край ,Sovetskaya Gavan,Khabarovsk Krai,RU-KHA
Советский,Ханты-Мансийский автономный округ - Югра ,Sovetsky,Khanty-Mansi Autonomous Okrug,RU-KHM
Сокол,Вологодская область ,Sokol,Vologda Oblast,RU-VLG
Солигалич,Костромская область ,Soligalich,Kostroma Oblast,RU-KOS
Соликамск,Пермский край ,Solikamsk,Perm Krai,RU-PER
Солнечногорск,Московская область ,Solnechnogorsk,Moscow Oblast,RU-MOS
Соль-Илецк,Оренбургская область ,Sol-Iletsk,Orenburg Oblast,RU-ORE
Сольвычегодск,Архангельская область ,Solvychegodsk,Arkhangelsk Oblast,RU-ARK
Сольцы,Новгородская область ,Soltsy,Novgorod Oblast,RU-NGR
Сорочинск,Оренбургская область ,Sorochinsk,Orenburg Oblast,RU-ORE
Сорск,Республика Хакасия ,Sorsk,Republic of Khakassia,RU-KK
Сортавала,Республика Карелия ,Sortavala,Republic of Karelia,RU-KR
Сосенский,Калужская область ,Sosensky,Kaluga Oblast,RU-KLU
Сосновка,Кировская область ,Sosnovka,Kirov Oblast,RU-KIR
Сосновоборск,Красноярский край ,Sosnovoborsk,Krasnoyarsk Krai,RU-KYA
Сосновый Бор,Ленинградская область ,Sosnovy Bor,Leningrad Oblast,RU-LEN
Сосногорск,Республика Коми ,Sosnogorsk,Komi Republic,RU-KO
Сочи,Краснодарский край ,Sochi,Krasnodar Krai,RU-KDA
Спас-Деменск,Калужская область ,Spas-Demensk,Kaluga Oblast,RU-KLU
Спас-Клепики,Рязанская область ,Spas-Klepiki,Ryazan Oblast,RU-RYA
Спасск,Пензенская область ,Spassk,Penza Oblast,RU-PNZ
Спасск-Дальний,Приморский край ,Spassk-Dalny,Primorsky Krai,RU-PRI
Спасск-Рязанский,Рязанская область ,Spassk-Ryazansky,Ryazan Oblast,RU-RYA
Среднеколымск,Республика Саха (Якутия) ,Srednekolymsk,Sakha Republic,RU-SA
Среднеуральск,Свердловская область ,Sredneuralsk,Sverdlovsk Oblast,RU-SVE
Сретенск,Забайкальский край ,Sretensk,Zabaykalsky Krai,RU-ZAB
Ставрополь,Ставропольский край ,Stavropol,Stavropol Krai,RU-STA
Старая Купавна,Московская область ,Staraya Kupavna,Moscow Oblast,RU-MOS
Старая Русса,Новгородская область ,Staraya Russa,Novgorod Oblast,RU-NGR
Старица,Тверская область ,Staritsa,Tver Oblast,RU-TVE
Стародуб,Брянская область ,Starodub,Bryansk Oblast,RU-BRY
Старый Крым,Республика Крым ,Stary Krym,Republic of Crimea,UA-43
Старый Оскол,Белгородская область ,Stary Oskol,Belgorod Oblast,RU-BEL
Стерлитамак,Республика Башкортостан ,Sterlitamak,Republic of Bashkortostan,RU-BA
Стрежевой,Томская область ,Strezhevoy,Tomsk Oblast,RU-TOM
Строитель,Белгородская область ,Stroitel,Belgorod Oblast,RU-BEL
Струнино,Владимирская область ,Strunino,Vladimir Oblast,RU-VLA
Ступино,Московская область ,Stupino,Moscow Oblast,RU-MOS
Суворов,Тульская область ,Suvorov,Tula Oblast,RU-TUL
Судак,Республика Крым ,Sudak,Republic of Crimea,UA-43
Суджа,Курская область ,Sudzha,Kursk Oblast,RU-KRS
Судогда,Владимирская область ,Sudogda,Vladimir Oblast,RU-VLA
Суздаль,Владимирская область ,Suzdal,Vladimir Oblast,RU-VLA
Суоярви,Республика Карелия ,Suoyarvi,Republic of Karelia,RU-KR
Сураж,Брянская область ,Surazh,Bryansk Oblast,RU-BRY
Сургут,Ханты-Мансийский автономный округ - Югра ,Surgut,Khanty-Mansi Autonomous Okrug,RU-KHM
Суровикино,Волгоградская область ,Surovikino,Volgograd Oblast,RU-VGG
Сурск,Пензенская область ,Sursk,Penza Oblast,RU-PNZ
Сусуман,Магаданская область ,Susuman,Magadan Oblast,RU-MAG
Сухиничи,Калужская область ,Sukhinichi,Kaluga Oblast,RU-KLU
Сухой Лог,Свердловская область ,Sukhoy Log,Sverdlovsk Oblast,RU-SVE
Сызрань,Самарская область ,Syzran,Samara Oblast,RU-SAM
Сыктывкар,Республика Коми ,Syktyvkar,Komi Republic,RU-KO
Сысерть,Свердловская область ,Sysert,Sverdlovsk Oblast,RU-SVE
Сычёвка,Смоленская область ,Sychyovka,Smolensk Oblast,RU-SMO
Сясьстрой,Ленинградская область ,Syasstroy,Leningrad Oblast,RU-LEN
Тавда,Свердловская область ,Tavda,Sverdlovsk Oblast,RU-SVE
Таганрог,Ростовская область ,Taganrog,Rostov Oblast,RU-ROS
Тайга,Кемеровская область ,Tayga,Kemerovo Oblast,RU-KEM
Тайшет,Иркутская область ,Tayshet,Irkutsk Oblast,RU-IRK
Талдом,Московская область ,Taldom,Moscow Oblast,RU-MOS
Талица,Свердловская область ,Talitsa,Sverdlovsk Oblast,RU-SVE
Тамбов,Тамбовская область ,Tambov,Tambov Oblast,RU-TAM
Тара,Омская область ,Tara,Omsk Oblast,RU-OMS
Тарко-Сале,Ямало-Ненецкий автономный округ ,Tarko-Sale,Yamalo-Nenets Autonomous Okrug,RU-YAN
Таруса,Калужская область ,Tarusa,Kaluga Oblast,RU-KLU
Татарск,Новосибирская область ,Tatarsk,Novosibirsk Oblast,RU-NVS
Таштагол,Кемеровская область ,Tashtagol,Kemerovo Oblast,RU-KEM
Тверь,Тверская область ,Tver,Tver Oblast,RU-TVE
Теберда,Карачаево-Черкесская Республика ,Teberda,Karachay-Cherkess Republic,RU-KC
Тейково,Ивановская область ,Teykovo,Ivanovo Oblast,RU-IVA
Темников,Республика Мордовия ,Temnikov,Republic of Mordovia,RU-MO
Темрюк,Краснодарский край ,Temryuk,Krasnodar Krai,RU-KDA
Терек,Кабардино-Балкарская Республика ,Terek,Kabardino-Balkar Republic,RU-KB
Тетюши,Республика Татарстан ,Tetyushi,Republic of Tatarstan,RU-TA
Тимашёвск,Краснодарский край ,Timashyovsk,Krasnodar Krai,RU-KDA
Тихвин,Ленинградская область ,Tikhvin,Leningrad Oblast,RU-LEN
Тихорецк,Краснодарский край ,Tikhoretsk,Krasnodar Krai,RU-KDA
Тобольск,Тюменская область ,Tobolsk,Tyumen Oblast,RU-TYU
Тогучин,Новосибирская область ,Toguchin,Novosibirsk Oblast,RU-NVS
Тольятти,Самарская область ,Tolyatti,Samara Oblast,RU-SAM
Томари,Сахалинская область ,Tomari,Sakhalin Oblast,RU-SAK
Томмот,Республика Саха (Якутия) ,Tommot,Sakha Republic,RU-SA
Томск,Томская область ,Tomsk,Tomsk Oblast,RU-TOM
Топки,Кемеровская область ,Topki,Kemerovo Oblast,RU-KEM
Торжок,Тверская область ,Torzhok,Tver Oblast,RU-TVE
Торопец,Тверская область ,Toropets,Tver Oblast,RU-TVE
Тосно,Ленинградская область ,Tosno,Leningrad Oblast,RU-LEN
Тотьма,Вологодская область ,Totma,Vologda Oblast,RU-VLG
Трёхгорный,Челябинская область ,Tryokhgorny,Chelyabinsk Oblast,RU-CHE
Троицк,Челябинская область ,Troitsk,Chelyabinsk Oblast,RU-CHE
Трубчевск,Брянская область ,Trubchevsk,Bryansk Oblast,RU-BRY
Туапсе,Краснодарский край ,Tuapse,Krasnodar Krai,RU-KDA
Туймазы,Республика Башкортостан ,Tuymazy,Republic of Bashkortostan,RU-BA
Тула,Тульская область ,Tula,Tula Oblast,RU-TUL
Тулун,Иркутская область ,Tulun,Irkutsk Oblast,RU-IRK
Туран,Республика Тыва ,Turan,Tuva Republic,RU-TY
Туринск,Свердловская область ,Turinsk,Sverdlovsk Oblast,RU-SVE
Тутаев,Ярославская область ,Tutayev,Yaroslavl Oblast,RU-YAR
Тында,Амурская область ,Tynda,Amur Oblast,RU-AMU
Тырныауз,Кабардино-Балкарская Республика ,Tyrnyauz,Kabardino-Balkar Republic,RU-KB
Тюкалинск,Омская область ,Tyukalinsk,Omsk Oblast,RU-OMS
Тюмень,Тюменская область ,Tyumen,Tyumen Oblast,RU-TYU
Уварово,Тамбовская область ,Uvarovo,Tambov Oblast,RU-TAM
Углегорск,Сахалинская область ,Uglegorsk,Sakhalin Oblast,RU-SAK
Углич,Ярославская область ,Uglich,Yaroslavl Oblast,RU-YAR
Удачный,Республика Саха (Якутия) ,Udachny,Sakha Republic,RU-SA
Удомля,Тверская область ,Udomlya,Tver Oblast,RU-TVE
Ужур,Красноярский край ,Uzhur,Krasnoyarsk Krai,RU-KYA
Узловая,Тульская область ,Uzlovaya,Tula Oblast,RU-TUL
Улан-Удэ,Республика Бурятия ,Ulan-Ude,Republic of Buryatia,RU-BU
Ульяновск,Ульяновская область ,Ulyanovsk,Ulyanovsk Oblast,RU-ULY
Унеча,Брянская область ,Unecha,Bryansk Oblast,RU-BRY
Урай,Ханты-Мансийский автономный округ - Югра ,Uray,Khanty-Mansi Autonomous Okrug,RU-KHM
Урень,Нижегородская область ,Uren,Nizhny Novgorod Oblast,RU-NIZ
Уржум,Кировская область ,Urzhum,Kirov Oblast,RU-KIR
Урус-Мартан,Чеченская Республика ,Urus-Martan,#ЗНАЧ!,RU-CE
Урюпинск,Волгоградская область ,Uryupinsk,Volgograd Oblast,RU-VGG
Усинск,Республика Коми ,Usinsk,Komi Republic,RU-KO
Усмань,Липецкая область ,Usman,Lipetsk Oblast,RU-LIP
Усолье-Сибирское,Иркутская область ,Usolye-Sibirskoye,Irkutsk Oblast,RU-IRK
Усолье,Пермский край ,Usolye,Perm Krai,RU-PER
Уссурийск,Приморский край ,Ussuriysk,Primorsky Krai,RU-PRI
Усть-Джегута,Карачаево-Черкесская Республика ,Ust-Dzheguta,Karachay-Cherkess Republic,RU-KC
Усть-Илимск,Иркутская область ,Ust-Ilimsk,Irkutsk Oblast,RU-IRK
Усть-Катав,Челябинская область ,Ust-Katav,Chelyabinsk Oblast,RU-CHE
Усть-Кут,Иркутская область ,Ust-Kut,Irkutsk Oblast,RU-IRK
Усть-Лабинск,Краснодарский край ,Ust-Labinsk,Krasnodar Krai,RU-KDA
Устюжна,Вологодская область ,Ustyuzhna,Vologda Oblast,RU-VLG
Уфа,Республика Башкортостан ,Ufa,Republic of Bashkortostan,RU-BA
Ухта,Республика Коми ,Ukhta,Komi Republic,RU-KO
Учалы,Республика Башкортостан ,Uchaly,Republic of Bashkortostan,RU-BA
Уяр,Красноярский край ,Uyar,Krasnoyarsk Krai,RU-KYA
Фатеж,Курская область ,Fatezh,Kursk Oblast,RU-KRS
Феодосия,Республика Крым ,Feodosia,Republic of Crimea,UA-43
Фокино,Брянская область ,Fokino,Bryansk Oblast,RU-BRY
Фокино,Приморский край ,Fokino,Primorsky Krai,RU-PRI
Фролово,Волгоградская область ,Frolovo,Volgograd Oblast,RU-VGG
Фрязино,Московская область ,Fryazino,Moscow Oblast,RU-MOS
Фурманов,Ивановская область ,Furmanov,Ivanovo Oblast,RU-IVA
Хабаровск,Хабаровский край ,Khabarovsk,Khabarovsk Krai,RU-KHA
Хадыженск,Краснодарский край ,Khadyzhensk,Krasnodar Krai,RU-KDA
Ханты-Мансийск,Ханты-Мансийский автономный округ - Югра ,Khanty-Mansiysk,Khanty-Mansi Autonomous Okrug,RU-KHM
Харабали,Астраханская область ,Kharabali,Astrakhan Oblast,RU-AST
Харовск,Вологодская область ,Kharovsk,Vologda Oblast,RU-VLG
Хасавюрт,Республика Дагестан ,Khasavyurt,Republic of Dagestan,RU-DA
Хвалынск,Саратовская область ,Khvalynsk,Saratov Oblast,RU-SAR
Хилок,Забайкальский край ,Khilok,Zabaykalsky Krai,RU-ZAB
Химки,Московская область ,Khimki,Moscow Oblast,RU-MOS
Холм,Новгородская область ,Kholm,Novgorod Oblast,RU-NGR
Холмск,Сахалинская область ,Kholmsk,Sakhalin Oblast,RU-SAK
Хотьково,Московская область ,Khotkovo,Moscow Oblast,RU-MOS
Цивильск,Чувашская Республика ,Tsivilsk,Chuvash Republic,RU-CU
Цимлянск,Ростовская область ,Tsimlyansk,Rostov Oblast,RU-ROS
Чадан,Республика Тыва ,Chadan,Tuva Republic,RU-TY
Чайковский,Пермский край ,Chaykovsky,Perm Krai,RU-PER
Чапаевск,Самарская область ,Chapayevsk,Samara Oblast,RU-SAM
Чаплыгин,Липецкая область ,Chaplygin,Lipetsk Oblast,RU-LIP
Чебаркуль,Челябинская область ,Chebarkul,Chelyabinsk Oblast,RU-CHE
Чебоксары,Чувашская Республика ,Cheboksary,Chuvash Republic,RU-CU
Чегем,Кабардино-Балкарская Республика ,Chegem,Kabardino-Balkar Republic,RU-KB
Чекалин,Тульская область ,Chekalin,Tula Oblast,RU-TUL
Челябинск,Челябинская область ,Chelyabinsk,Chelyabinsk Oblast,RU-CHE
Чердынь,Пермский край ,Cherdyn,Perm Krai,RU-PER
Черемхово,Иркутская область ,Cheremkhovo,Irkutsk Oblast,RU-IRK
Черепаново,Новосибирская область ,Cherepanovo,Novosibirsk Oblast,RU-NVS
Череповец,Вологодская область ,Cherepovets,Vologda Oblast,RU-VLG
Черкесск,Карачаево-Черкесская Республика ,Cherkessk,Karachay-Cherkess Republic,RU-KC
Чёрмоз,Пермский край ,Chyormoz,Perm Krai,RU-PER
Черноголовка,Московская область ,Chernogolovka,Moscow Oblast,RU-MOS
Черногорск,Республика Хакасия ,Chernogorsk,Republic of Khakassia,RU-KK
Чернушка,Пермский край ,Chernushka,Perm Krai,RU-PER
Черняховск,Калининградская область ,Chernyakhovsk,Kaliningrad Oblast,RU-KGD
Чехов,Московская область ,Chekhov,Moscow Oblast,RU-MOS
Чистополь,Республика Татарстан ,Chistopol,Republic of Tatarstan,RU-TA
Чита,Забайкальский край ,Chita,Zabaykalsky Krai,RU-ZAB
Чкаловск,Нижегородская область ,Chkalovsk,Nizhny Novgorod Oblast,RU-NIZ
Чудово,Новгородская область ,Chudovo,Novgorod Oblast,RU-NGR
Чулым,Новосибирская область ,Chulym,Novosibirsk Oblast,RU-NVS
Чусовой,Пермский край ,Chusovoy,Perm Krai,RU-PER
Чухлома,Костромская область ,Chukhloma,Kostroma Oblast,RU-KOS
Шагонар,Республика Тыва ,Shagonar,Tuva Republic,RU-TY
Шадринск,Курганская область ,Shadrinsk,Kurgan Oblast,RU-KGN
Шали,Чеченская Республика ,Shali,Chechen Republic,RU-CE
Шарыпово,Красноярский край ,Sharypovo,Krasnoyarsk Krai,RU-KYA
Шарья,Костромская область ,Sharya,Kostroma Oblast,RU-KOS
Шатура,Московская область ,Shatura,Moscow Oblast,RU-MOS
Шахты,Ростовская область ,Shakhty,Rostov Oblast,RU-ROS
Шахунья,Нижегородская область ,Shakhunya,Nizhny Novgorod Oblast,RU-NIZ
Шацк,Рязанская область ,Shatsk,Ryazan Oblast,RU-RYA
Шебекино,Белгородская область ,Shebekino,Belgorod Oblast,RU-BEL
Шелехов,Иркутская область ,Shelekhov,Irkutsk Oblast,RU-IRK
Шенкурск,Архангельская область ,Shenkursk,Arkhangelsk Oblast,RU-ARK
Шилка,Забайкальский край ,Shilka,Zabaykalsky Krai,RU-ZAB
Шимановск,Амурская область ,Shimanovsk,Amur Oblast,RU-AMU
Шиханы,Саратовская область ,Shikhany,Saratov Oblast,RU-SAR
Шлиссельбург,Ленинградская область ,Shlisselburg,Leningrad Oblast,RU-LEN
Шумерля,Чувашская Республика ,Shumerlya,Chuvash Republic,RU-CU
Шумиха,Курганская область ,Shumikha,Kurgan Oblast,RU-KGN
Шуя,Ивановская область ,Shuya,Ivanovo Oblast,RU-IVA
ЩЩёкино,Тульская область ,Shchyokino,Tula Oblast,RU-TUL
Щёлкино,Республика Крым ,Shchelkino,Republic of Crimea,UA-43
Щёлково,Московская область ,Shchyolkovo,Moscow Oblast,RU-MOS
Щигры,Курская область ,Shchigry,Kursk Oblast,RU-KRS
Щучье,Курганская область ,Shchuchye,Kurgan Oblast,RU-KGN
ЭЭлектрогорск,Московская область ,Elektrogorsk,Moscow Oblast,RU-MOS
Электросталь,Московская область ,Elektrostal,Moscow Oblast,RU-MOS
Электроугли,Московская область ,Elektrougli,Moscow Oblast,RU-MOS
Элиста,Республика Калмыкия ,Elista,Republic of Kalmykia,RU-KL
Энгельс,Саратовская область ,Engels,Saratov Oblast,RU-SAR
Эртиль,Воронежская область ,Ertil,Voronezh Oblast,RU-VOR
Югорск,Ханты-Мансийский автономный округ - Югра ,Yugorsk,Khanty-Mansi Autonomous Okrug,RU-KHM
Южа,Ивановская область ,Yuzha,Ivanovo Oblast,RU-IVA
Южно-Сахалинск,Сахалинская область ,Yuzhno-Sakhalinsk,Sakhalin Oblast,RU-SAK
Южно-Сухокумск,Республика Дагестан ,Yuzhno-Sukhokumsk,Republic of Dagestan,RU-DA
Южноуральск,Челябинская область ,Yuzhnouralsk,Chelyabinsk Oblast,RU-CHE
Юрга,Кемеровская область ,Yurga,Kemerovo Oblast,RU-KEM
Юрьев-Польский,Владимирская область ,Yuryev-Polsky,Vladimir Oblast,RU-VLA
Юрьевец,Ивановская область ,Yuryevets,Ivanovo Oblast,RU-IVA
Юрюзань,Челябинская область ,Yuryuzan,Chelyabinsk Oblast,RU-CHE
Юхнов,Калужская область ,Yukhnov,Kaluga Oblast,RU-KLU
Ядрин,Чувашская Республика ,Yadrin,Chuvash Republic,RU-CU
Якутск,Республика Саха (Якутия) ,Yakutsk,Sakha Republic,RU-SA
Ялта,Республика Крым ,Yalta,Republic of Crimea,UA-43
Ялуторовск,Тюменская область ,Yalutorovsk,Tyumen Oblast,RU-TYU
Янаул,Республика Башкортостан ,Yanaul,Republic of Bashkortostan,RU-BA
Яранск,Кировская область ,Yaransk,Kirov Oblast,RU-KIR
Яровое,Алтайский край ,Yarovoye,Altai Krai,RU-ALT
Ярославль,Ярославская область ,Yaroslavl,Yaroslavl Oblast,RU-YAR
Ярцево,Смоленская область ,Yartsevo,Smolensk Oblast,RU-SMO
Ясногорск,Тульская область ,Yasnogorsk,Tula Oblast,RU-TUL
Ясный,Оренбургская область ,Yasny,Orenburg Oblast,RU-ORE
Яхрома,Московская область ,Yakhroma,Moscow Oblast,RU-MOS
